label,name,score
0,友金所,0.9999999999999999
0,e路同心,0.9999999999999996
0,陆金所,0.9999999999999994
0,链家理财,0.9999999999999993
0,开鑫贷,0.9999999999999971
0,点融网,0.9999999999999958
0,宜人贷,0.9999999999999947
0,铜掌柜,0.9999999999999943
0,人人贷,0.999999999999993
0,拍拍贷,0.9999999999999758
0,微贷网,0.9999999999999527
0,万盈金融,0.9999999999999076
0,有利网,0.9999999999998813
0,投哪网,0.9999999999997895
0,积木盒子,0.9999999999997701
0,爱钱进,0.9999999999997643
0,九信金融,0.9999999999996032
0,易贷网,0.9999999999993334
0,和信贷,0.9999999999992434
0,抱财网,0.999999999998714
0,金开贷,0.9999999999984601
0,银客网,0.9999999999979989
0,后河财富,0.999999999997833
0,温商贷,0.9999999999977346
0,金信网,0.9999999999977222
0,红岭创投,0.9999999999972433
0,金融工场,0.9999999999960553
0,团贷网,0.9999999999960407
0,金宝保,0.9999999999956224
0,银湖网,0.9999999999953291
0,麻袋理财,0.9999999999945588
0,翼龙贷,0.9999999999940302
0,你我贷,0.9999999999934541
0,礼德财富,0.9999999999926565
0,PPmoney万惠,0.9999999999921935
0,91旺财,0.9999999999913926
0,人人聚财,0.9999999999906984
0,银豆网,0.9999999999882062
0,信融财富,0.9999999999881544
0,向上金服,0.9999999999849623
0,生菜金融,0.9999999999836385
0,合力贷,0.9999999999759892
0,温州贷,0.9999999999725752
0,短融网,0.9999999999713685
0,珠宝贷,0.9999999999707744
0,永利宝,0.9999999999644356
0,九斗鱼,0.9999999999640202
0,汇盈金服,0.999999999963596
0,理想宝,0.9999999999635787
0,合时代,0.9999999999613957
0,口贷网,0.9999999999612694
0,广州e贷,0.9999999999539279
0,果树财富,0.9999999999534308
0,民贷天下,0.9999999999348544
0,小油菜,0.9999999999327043
0,德众金融,0.9999999999182323
0,爱投资,0.9999999999165289
0,恒信易贷,0.9999999999156904
0,银票网,0.9999999999081727
0,鑫合汇,0.9999999999075091
0,诺诺镑客,0.9999999999029143
0,小赢理财,0.9999999998988441
0,众信金融(京),0.99999999988804
0,新联在线,0.9999999998799494
0,e微贷,0.9999999998724762
0,阿朋贷,0.9999999998522552
0,鹏金所,0.9999999998419943
0,财加,0.9999999998411297
0,粤商贷,0.9999999998400494
0,拓道金服,0.999999999827001
0,融贝网,0.9999999998027224
0,汇通易贷,0.9999999997833242
0,网利宝,0.9999999997804206
0,楚金所,0.9999999997784518
0,喜投网,0.9999999997625849
0,房金所,0.9999999997567164
0,贷贷兴隆,0.9999999996154596
0,金银猫,0.999999999606913
0,安心贷,0.9999999995645867
0,钱吧,0.9999999995464424
0,博金贷,0.9999999994674742
0,邦帮堂,0.9999999994355567
0,金联储,0.9999999993911632
0,惠众金融,0.999999999335338
0,e速贷,0.9999999992779118
0,合拍在线,0.9999999992602422
0,今日捷财,0.9999999992361175
0,365易贷,0.9999999991691924
0,玖融网,0.9999999990928203
0,付融宝,0.9999999986382712
0,国诚金融,0.9999999980873346
0,信用宝,0.999999997977548
0,新新贷,0.9999999978225393
0,融资易,0.9999999978039456
0,中瑞财富,0.9999999965240762
0,大麦理财,0.9999999938424344
0,黄河金融,0.9999999938148196
0,金控网贷,0.9999999888987903
0,石投金融,0.9999999730222449
0,美利金融,0.9999999038190026
0,你好贷,0.9998499711655313
0,乐金所,0.9998433171713259
0,沃投资,0.9996823319524992
0,金牌理财,0.9995729073416442
0,有米贷,0.9995453392330091
0,利盈贷,0.9994256125064567
0,币丰所,0.9993788896244951
0,胖胖猪,0.9993527414626442
0,得融在线,0.9992569336318411
0,麦麦提,0.9989398990292102
0,迅捷贷,0.9989268552744761
0,电网贷,0.9988982765935361
0,多赢,0.998840544372797
0,酷宝盒,0.9988179876236245
0,果儿金融,0.9986420368077233
0,悦车贷,0.998462776071392
0,合伙人,0.9984126600902528
0,绿化贷,0.9983363973442465
0,掌中财富,0.9983080116799101
0,51信托,0.998301737010479
1,三农资本,0.9982508493121713
0,长征金融,0.998202851973474
0,瀚翔e家,0.9981442734133452
0,升值贷,0.9981122617609799
0,钻库网,0.9979994876775891
0,希望金融,0.9979839229490608
0,1818优本财富,0.9979607735294849
0,投宝金融,0.9979274412617087
0,车财网,0.9978791570756584
0,一贷添交,0.9978509852662683
0,爱财狼,0.9977977839298546
0,54贷客,0.9977736873552203
0,杉易贷,0.997757654869929
0,丰益贷,0.9976672367192805
0,财大狮,0.9975832882337272
0,众贷汇,0.9975529937073588
0,九坤贷,0.9974904207047075
0,红象金融,0.9974202101584524
0,利得行,0.9973607920110226
0,广西东盟贷,0.997322058537975
0,即利网,0.9972982674371451
0,格林易贷,0.9972862317226827
0,彩麒麟,0.9971813717857003
0,首鸿财富,0.997175034834072
0,三益宝,0.9971729333046824
0,融裕贷,0.9971308067906648
0,简易贷,0.9970376065466553
0,U车贷,0.99698645202443
0,和合速融,0.9968228910584003
0,新沃金融,0.9966080735903233
0,福汇财富,0.9965977868996561
0,小宝金融,0.9964918871410191
0,小小理财,0.9964837783481926
0,宝元贷,0.9964635157957673
0,梧桐理财,0.996416199952364
0,借贷之家,0.9961612087208778
0,浙江车贷网,0.9959191516973078
0,好好理财,0.9959094231016934
0,医购贷,0.9958897409960628
0,保浩财富,0.9957656245678663
0,汇钱庄,0.995649148710072
0,投融贷,0.9956158860586584
0,信贷通,0.9955162107944489
0,爱当宝,0.9954979051835835
0,车富88,0.9954973859712481
0,欧亚金融,0.9954715766943991
0,众金在线,0.9953975528478622
0,牛娃互联网金融,0.995362595655024
0,地方金融,0.9953577904962003
0,柳e贷,0.9952665409073234
0,地标金融,0.9951828923076391
0,中业兴融,0.99516756599769
0,万富宝,0.9951343331485987
0,快快贷,0.9950415841303766
0,中益信金融,0.9950077305547893
0,爱贷网,0.9948249412700534
0,小鸡理财,0.9947112184017897
0,众信易贷,0.9946426781825721
0,湛卢宝,0.9946096269413829
0,网交所,0.994545494671911
0,360金融,0.9945279364474118
0,联金所,0.9944879300892353
0,慈E贷,0.9944456177763641
0,手投网,0.9943609102629125
0,力帆善融,0.9938121140003204
0,壹宝贷,0.993787819519639
0,新资本,0.9935923758894205
0,国惠金融,0.9935623365454376
0,金钥匙钱道,0.9935218598693609
0,月光宝盒,0.9933962416835129
0,囧羊理财,0.9932848745957017
0,金屋魔方,0.993237164337188
0,前海广深发,0.9932156871072948
0,三信贷,0.9931794116273522
1,理财邦,0.9931646049953997
0,车易贷,0.9931581798009574
0,领投羊,0.9931053034961224
0,银合金融,0.9930726424790919
0,海投汇,0.9930565268732607
0,东方汇,0.9930333844386041
0,星月创投,0.9929968216456473
0,E票宝,0.9929938167333603
0,财神驾到,0.9929935312829912
0,爱钱帮,0.9928612778894603
0,鲁金所,0.9928423333913088
0,金麦子,0.9927865043282509
0,壹佰金融,0.9927086965180933
0,景金贷,0.992655536159873
0,轻创贷,0.9926554770208895
0,华银金融,0.9924100474454463
0,小平贷,0.9923717398196459
0,薪金融,0.9923325655981898
0,要借钱网,0.9923005648888648
0,善行创投,0.9921815665438771
0,钱趣网,0.9921104460954666
0,东方车贷,0.9920946164056659
0,钱保姆,0.9920044634491205
0,一诚一贷,0.991957550868392
0,e元贷,0.9918484715744853
0,吉盟财富,0.9918140107765794
0,锐盈财富,0.991792201064527
0,融诺微贷,0.9917130470275879
0,好又贷,0.9916367074474692
0,钱胖胖,0.9914930015802383
0,产融贷,0.9914407106116414
0,宏鑫宝,0.9914320586249232
0,和缘融贷,0.9913290813565254
0,连盈贷,0.9912119070068002
0,浦小宝,0.9911766722798347
0,银魅财富,0.9911689795553684
0,襄金所,0.9911233894526958
0,龙商e贷,0.9910265924409032
0,乐投天下,0.9909755382686853
0,盈金所,0.990879513323307
0,惠投无忧,0.9908336391672492
0,知商金融,0.9908216567710042
0,方橙式,0.9907235810533166
0,盛信金融,0.9906515488401055
0,蚂蚁打的,0.990490403957665
0,联鑫贷,0.9904699828475714
0,沃时贷,0.9903867850080132
0,祺天优贷,0.9902574755251408
0,钱贷网,0.9902173392474651
0,点车成金,0.9901732206344604
0,金猪儿,0.990014337003231
0,你投我融,0.9899923270568252
0,微邦金融,0.9899917785078287
0,信客网,0.9899840988218784
0,天天赢,0.989929735660553
0,利金行,0.989916012622416
0,车贷汇,0.9899064693599939
0,众财金桥,0.9898562533780932
0,壹理财,0.9897553781047463
0,福赢万宝,0.9896137593314052
1,帮客网,0.9895464386790991
0,好车贷,0.9895291747525334
0,车邦贷,0.9894660841673613
0,益大家金融,0.9894389975816011
0,钱增增,0.9893652191385627
0,壹禾贷,0.9893007827922702
0,58money,0.9892934262752533
0,民合贷,0.989231607876718
0,优车融,0.9891961151733994
0,爱财在线,0.9891413180157542
0,爱银承,0.9890855308622122
0,兢业贷,0.988957311026752
0,君融贷,0.988790619187057
0,深金在线,0.9887360613793135
0,e周行,0.9887150013819337
0,千壹理财,0.9887111494317651
0,鄂金所,0.9886356182396412
0,九能金融,0.9886329555884004
0,爱本地,0.9885647157207131
0,汇商所金融,0.9884813176468015
0,楚财友道,0.9884364837780595
0,普天贷,0.9882593005895615
0,浙财理财 ,0.9880657242611051
0,中储贷,0.988014267757535
0,宝象金融,0.9879702217876911
1,联众贷,0.9877529693767428
0,贷金所,0.9876898881047964
0,联投金融,0.9876682506874204
0,融易投,0.9876606399193406
0,中融通贷,0.9875747580081224
0,景云金融,0.987524202093482
0,五岳贷,0.9874966191127896
0,坤润财富,0.9874434499070048
0,飞特金融,0.9872576016932726
1,在线贷,0.9870383283123374
0,麦钱网,0.987003973685205
0,融信速贷,0.9868991635739803
0,左右逢园,0.9865747774019837
0,久信e贷,0.9864584589377046
0,投储在线,0.9864142015576363
0,信东创赢,0.9863868374377489
0,润合金融,0.9863809198141098
1,E贝贷,0.9863682240247726
0,在理财,0.9863304542377591
0,海融易,0.9862523851916194
0,学信贷,0.9862505430355668
0,秒贷网,0.9862226201221347
0,同城人人贷,0.9861401841044426
0,赶贷网,0.9860902391374111
0,外星人理财,0.9860768439248204
0,e路财富,0.9859089804813266
0,稳通金融,0.9857695894315839
0,爱上理财,0.985710478387773
1,贷乐网,0.9856312172487378
0,中兴财富,0.9855956258252263
0,冀金宝,0.9854299146682024
0,芒果金融,0.985415673814714
0,珠宝盒子,0.9853514255955815
0,家合资本,0.9853474404662848
0,甬e贷,0.9853332927450538
0,懒投资,0.9853108040988445
0,开心贷,0.9852366577833891
0,我借我贷,0.9852194748818874
0,诚天财富,0.9851301284506917
0,够力金融,0.9851128868758678
0,他项车贷,0.9849988920614123
1,富宏金融,0.984981345012784
0,蜗牛客,0.9847854161635041
0,日融财富,0.9846498584374785
0,惠金贷,0.9843999659642577
0,能成财富,0.9843082781881094
0,友信宝,0.9842566475272179
0,前海双赢,0.984177228063345
0,永银贷,0.9839386697858572
0,融通资产,0.9839291870594025
0,正大财富,0.9839112013578415
0,房易贷,0.9838903173804283
0,小袋理财,0.9838290140032768
0,汉金所,0.983799172565341
0,金益金服,0.9836132228374481
0,银巴克,0.9835862554609776
0,蜂投网,0.9835667200386524
0,好借贷,0.983548104763031
0,布袋资产,0.9835279081016779
0,网银贷,0.9833869691938162
0,前海红筹,0.9831677787005901
0,人众金服,0.9831143599003553
0,海金所,0.9828960541635752
0,昊良创投,0.9828613568097353
0,世纪贷,0.9827423729002476
0,壹心贷,0.9824823196977377
0,日益网,0.9824755154550076
0,淘珠网,0.9824104737490416
0,冰川财富,0.9821658171713352
0,光合种子,0.9820484239608049
0,幸福贷,0.9819998163729906
0,小狗钱钱,0.981919514015317
0,产融信,0.9818144422024488
0,速贷100,0.9818017352372408
0,梦想盈行,0.981770858168602
0,甜菜金融,0.9817452020943165
0,财富派 (京),0.9814930986613035
0,e人e贷,0.9813438821583986
0,建工E贷,0.9810590241104364
0,闪电金融,0.9808634240180254
0,光华财缘网,0.9807692039757967
0,锦联财富市场,0.9806806929409504
0,小金瓜理财,0.9805928338319063
0,钱来啦,0.9802855998277664
0,安平贷,0.9802427720278502
0,予财网,0.9800676070153713
0,利聚网,0.9798198398202658
0,易天贷,0.9797991514205933
0,百金贷,0.9797026310116053
0,平联Bank,0.9796409867703915
0,新金所,0.9796153753995895
0,支点金融,0.979600515216589
0,有融网,0.979498790577054
0,普资华企,0.9794438276439905
0,海金贷,0.9793401900678873
0,易保利,0.9791747163981199
0,龙贷,0.9791516307741404
0,企易贷,0.9791358560323715
0,小存折,0.9790826514363289
0,小猪罐子,0.9789234939962626
0,投资吧,0.9788599032908678
0,陇e贷,0.9787264578044415
0,金福财富,0.9786868281662464
0,小算盘,0.978598365560174
0,码头益,0.9784782007336617
0,财富500,0.9784532897174358
0,弘兴金融,0.978439774364233
0,浙金网,0.978252599015832
0,豫商贷,0.9781820140779018
0,e趣钱袋,0.978075547143817
0,钱海湾金融,0.9780003391206264
0,好收益,0.9778979327529669
0,惠人贷,0.9778382107615471
0,融信网,0.9777915179729462
0,丁丁贷,0.977755269035697
0,百利市,0.9776860661804676
0,民民贷,0.9772879015654325
0,先锋e融,0.9771817028522491
0,卓安e贷,0.976907305419445
0,点滴聚,0.976862108334899
0,十鼎贷,0.9768507461994886
0,创利投,0.9767244011163712
0,惠车贷,0.9766197912395
0,京都贷,0.9763935022056103
0,多多智富,0.9761529415845871
0,闲钱宝,0.9756957683712244
0,云钱袋,0.9756908044219017
0,多宝贷,0.9754876215010881
0,富金利,0.9753428176045418
0,安盈贷,0.9753288626670837
0,城城理财,0.9752698075026274
0,厦信贷,0.9752332605421543
0,财富中国,0.97517329454422
0,聚金资本,0.9750255383551121
0,凤凰金融,0.9748478010296822
0,理财乐,0.9748329650610685
0,宁创贷,0.9747765511274338
0,鄂汇金融,0.974604606628418
0,苏银财富,0.9745304621756077
0,金海贷,0.9744849316775799
0,妙资金融,0.9744824413210154
0,众信所,0.9743203055113554
0,星时代金融,0.9741735812276602
0,玉器贷,0.9737977012991905
0,遇财网,0.9737919829785824
0,智融财富,0.9737863540649414
0,小米贷,0.9736508503556252
0,皖平财富,0.9735949225723743
0,互融宝,0.9734237845987082
0,众易贷,0.9732934013009071
0,钱涌金服,0.9731908235698938
0,恒易融,0.9728858340531588
0,搜易贷,0.9724289570003748
0,鼠贷金融,0.9723481144756079
0,爱财有道,0.9721862617880106
0,意投财富,0.9721262939274311
0,创客金融,0.9720923956483603
0,分分贷,0.9712303467094898
0,恒瑞财富网,0.9711286593228579
0,天天财富,0.9710651729255915
0,乐投创富,0.9709205608814955
1,宏量财富,0.9708487372845411
0,迷你贷,0.9708286896348
0,良信财富,0.9707779996097088
1,东起投资,0.9704699162393808
0,融圆财富,0.970345102250576
0,吉强贷,0.9701647013425827
0,小微时贷,0.9697096962481737
0,钱爸爸,0.9695744439959526
0,大同行,0.9695511404424906
0,冀贷通,0.9691464323550463
0,摇财树,0.9690226744860411
0,金融一号店,0.9688855800777674
0,睿信贷,0.9687625970691442
0,富利网,0.9687353707849979
0,乐钱 ,0.9680357426404953
0,雪山贷,0.967693455517292
0,易BANK,0.9675945565104485
0,聚车金融,0.9675348699092865
0,青蚨在线,0.9674998410046101
0,好利网,0.9671166203916073
0,诺米宝,0.9666564464569092
0,立业贷,0.9659065008163452
0,宁商e贷,0.9659004919230938
0,两只老虎,0.965454462915659
0,恒丰钱包,0.9653137698769569
0,乾包,0.9651789627969265
0,淘淘金,0.9651204869151115
0,稳贷网,0.9651198908686638
0,利巨人,0.9648297280073166
0,启道金融,0.9647514820098877
0,钱多多,0.9644281566143036
0,牛气贷,0.9638207219541073
1,和诚德在线,0.9634646624326706
0,三好贷,0.9632749482989311
0,徽金所,0.9628147184848785
1,诚鑫易通,0.962344191968441
0,快速贷,0.9621076881885529
0,车行贷,0.9619953855872154
0,优聚投,0.9619656316936016
0,粒子财富,0.9618867486715317
0,旺财谷,0.9618769139051437
0,收获宝,0.9617667347192764
0,东方金钰,0.9617065377533436
0,袋鼠妈妈,0.9614354707300663
0,圆梦易贷,0.9609207063913345
0,向日葵贷,0.9608294703066349
0,盛金所,0.9607692137360573
0,启腾财富,0.9605419486761093
0,精融汇,0.9604248069226742
0,顺顺贷,0.9598707407712936
0,投德宝,0.9597723484039307
0,广信贷,0.9595517516136169
0,鑫元汇,0.9594467207789421
0,金桥梁,0.9593306891620159
0,紫马财行,0.9592241048812866
0,中融投,0.9590748623013496
0,mM贷,0.9587750136852264
0,聚福鑫,0.9585891775786877
0,共赢时贷,0.9583118408918381
0,迅融贷,0.9582386873662472
0,金融圈,0.9580343402922153
0,钱道网,0.9580334313213825
0,钱香,0.9578425846993923
0,隆筹金融,0.9574345983564854
0,阳光金服,0.957419253885746
0,一点投,0.9573728479444981
0,贷帮,0.9572362266480923
0,招财网,0.9571566730737686
0,财来网,0.9570988230407238
0,自由财富,0.9568153247237206
1,Hi投吧,0.956787496805191
0,大博鑫财富,0.956630777567625
0,大米金融,0.9565365836024284
0,赢贷通,0.9562432765960693
0,爱利是,0.9560756720602512
1,黄鹤金服,0.9560033865272999
0,富春贷,0.9559922143816948
0,金金宝,0.955864641815424
0,银港在线,0.9556586928665638
0,聚融在线,0.9556041546165943
0,创具财富,0.9555341973900795
0,融之家,0.9551557004451752
0,圈圈贷,0.9551064744591713
0,乾贷网,0.9548222310841084
0,致富贷,0.9544061943888664
0,贵州网贷,0.9538899399340153
0,华策在线,0.9537250734865665
0,中投融,0.9536678083240986
0,融金宝,0.9533823616802692
0,合安易贷,0.9527239315211773
0,中宝财富,0.9526248537003994
0,监保贷,0.9518417902290821
0,皮城金融,0.9513683766126633
0,民贷网,0.9511953182518482
0,飞融网,0.9510831572115421
0,汇投资,0.9505226500332355
0,点点投,0.9500801302492619
0,银点财富,0.9500086605548859
0,利好贷,0.9498733915388584
0,信和贷,0.9497189372777939
0,贷先生,0.9497107975184917
0,汇泉贷,0.9495742283761501
0,财猫网,0.9494890756905079
1,国控小微,0.9494159705936909
0,新融网,0.9492022320628166
0,投牛网,0.9490056484937668
0,沃信财富,0.948814619332552
1,钱贷贷,0.9485183879733086
0,钱一百,0.948365543037653
0,欣欣贷,0.9475628547370434
0,分钱网,0.9473831132054329
0,携银网,0.9473670572042465
0,人企贷,0.9468027874827385
0,融和贷,0.946226455271244
0,去投网,0.9461332112550735
0,迅泊达,0.9460552707314491
0,金票通,0.9460467658936977
0,红海贷,0.945985458791256
0,财源网,0.9459302946925163
0,前海航交所,0.9458944946527481
0,万利泓通,0.9457762576639652
0,量子金融,0.9454145915806293
0,聚融易贷,0.9450400397181511
0,汇投网,0.9450157880783081
0,鼎信贷,0.944664441049099
0,中唐财富,0.9439276605844498
0,协众金融,0.9438253976404667
0,安宜投,0.9434117712080479
0,掮客贷,0.9431025236845016
0,智富360,0.9430403411388397
0,中鑫投融,0.94303397834301
0,益合贷,0.9428909085690975
0,微金所,0.9419143758714199
0,鲁班贷,0.9418034926056862
0,广裕贷,0.9414311423897743
0,利安贷,0.9413417614996433
0,天玺金融,0.9410373643040657
0,华融众信,0.9409561939537525
0,沃联财富,0.9408154673874378
0,大拇哥财富,0.9406225457787514
1,黑火金融,0.9406186044216156
0,合盘贷,0.9404912479221821
0,钱趣多,0.9403997659683228
0,万同普惠,0.9401680305600166
1,贷贷巴,0.9399678185582161
0,亿诺信投,0.9398462325334549
0,中恒宝,0.9396691024303436
0,黔商贷,0.9388522580265999
0,米缸金融,0.9384372755885124
0,财佰通,0.9384270571172237
0,桔子理财,0.9382221065461636
0,普惠无忧,0.9377283975481987
0,私房钱,0.9372731521725655
0,钱兜金融,0.9370801672339439
0,财富观,0.9368051290512085
0,亦融在线,0.9366533532738686
0,隆和财富,0.9362411573529243
0,轻易贷,0.9355334788560867
0,十六铺金融,0.9351935237646103
0,金e贷,0.9345698431134224
0,放心e贷,0.9342783614993095
0,康恒财富,0.9342586249113083
0,小猪理财,0.9341760203242302
0,信投财富,0.9337933734059334
0,芝麻e贷网,0.9336621984839439
0,国富通,0.9329628646373749
0,聚宝网,0.9329098463058472
0,京金所,0.9328975230455399
0,汇金丰,0.9328571483492851
0,糖果金融,0.931230716407299
1,大王理财,0.9309297502040863
1,e租宝,0.930742084980011
0,好借好贷,0.9303158670663834
0,派财网,0.9302720800042152
0,泰山宝,0.9296622797846794
0,财雨网,0.9295298829674721
0,飞鸟金融,0.929373487830162
0,盈盈理财,0.9291240945458412
0,创世介贷,0.9290356710553169
0,四达投资,0.9290352761745453
0,鑫悦贷,0.9290091618895531
0,新富金融,0.9288186505436897
0,骑士贷,0.9288003444671631
0,金蟾在线,0.9284975230693817
0,金砖联合,0.9280600398778915
0,三分贷,0.9275722280144691
0,晋商贷,0.9275623336434364
0,酷贷网,0.9275443702936172
1,九州宏瑞,0.9272212237119675
0,天池资本,0.9266950935125351
0,当贷网,0.9266158863902092
0,牛牛bank,0.926425039768219
0,河马在线,0.9262046962976456
0,运盈e贷,0.9259064197540283
0,金源贷,0.9256898984313011
1,聚投融,0.9254001453518867
0,富桥金融,0.9252025708556175
0,可溯贷,0.9250755459070206
0,中东资本,0.9250681772828102
0,生活贷,0.9246058464050293
0,财富之门,0.9238095656037331
0,易九金融,0.9235856682062149
0,中贝金融,0.9229238480329514
0,利融网,0.9227840676903725
0,东泽财富,0.9225442260503769
0,华涌贷,0.9224499985575676
0,爱投投,0.9223490357398987
0,乐投贷,0.9218379259109497
0,贷贷网,0.9217677712440491
0,壹金所,0.9217204228043556
0,福银票号,0.9212101846933365
0,爱互融,0.9212026596069336
0,渤海创投,0.9211520552635193
0,丰投网,0.9210668504238129
0,证大e贷,0.9208663776516914
1,润源财富,0.9208256155252457
0,58车贷,0.9204516857862473
0,千和投,0.9201906248927116
0,易融恒信,0.9200519248843193
0,钱途在线,0.9194024279713631
0,钱盆网,0.919245645403862
0,住永金融,0.9190455004572868
1,快时贷,0.9183299690485001
0,中金普惠,0.9182217195630074
0,安贷宝,0.9179338291287422
0,道口贷,0.9176181629300117
0,大众贷,0.9176001697778702
0,堆金网,0.9172768071293831
0,99财富,0.9170951396226883
0,点滴身边,0.91701590269804
1,朋友贷,0.9169393628835678
0,融投贷,0.9168213829398155
0,万家兄弟,0.9163627699017525
0,穗金所,0.9158594235777855
0,新博贷,0.9155764356255531
0,凤凰金融(京),0.915016658604145
0,可投可贷,0.9149082526564598
0,荷银商务,0.9139156192541122
0,联保投资网,0.9138601422309875
0,多了口贷,0.9137474820017815
0,奇乐融,0.9124763831496239
0,安企金融,0.9124333783984184
1,前海e贷,0.912298895418644
0,52金融,0.9120040312409401
0,百泉贷,0.9118094369769096
0,益投网贷,0.9117684811353683
0,拉拉财富,0.9114116355776787
0,比亮贷,0.911296546459198
1,合互贷,0.9108942002058029
0,微信贷,0.9107235670089722
0,天立鸿,0.9105745628476143
0,全民财富,0.9102052971720695
1,紫枫信贷,0.9101296439766884
0,合信,0.9100319966673851
0,富轩投资,0.909831203520298
1,红牛贷,0.9098251983523369
0,点金融,0.9097374528646469
0,大时贷,0.9096342623233795
0,前海P2P,0.9095424041152
0,蜜蜂融,0.9091252312064171
0,逍遥贷,0.9089716151356697
0,芝麻开门,0.9087567552924156
1,银畅金融,0.9084503427147865
0,理财屋,0.9077675193548203
0,钱布袋,0.9072462171316147
0,钱庄网,0.9070708528161049
1,投融无忧,0.9068626835942268
0,宏高财富,0.906610757112503
0,最易贷,0.9060049504041672
1,开开贷,0.90500408411026
0,月月贷,0.9046214744448662
0,共富网,0.9044094607234001
0,金麦金融,0.9042842909693718
0,百达金融,0.9040703922510147
0,诚汇通,0.9037756249308586
0,联众在线,0.9037560522556305
0,升隆财富,0.903656005859375
0,商汇通,0.903307244181633
0,聚火投资,0.9030536636710167
1,金柿子,0.9024581760168076
0,海英财富,0.9024011194705963
0,鑫天下财富,0.9020479023456573
0,速贷融创,0.9019849821925163
0,龙江易贷,0.9017336741089821
0,可信贷,0.9013194590806961
0,潞商e贷,0.9011546149849892
0,中网国投,0.9001700803637505
0,聚众金融,0.900143526494503
0,创联汇通,0.9000135883688927
0,特易贷,0.8998906463384628
0,信德过,0.8997838869690895
0,永贷宝,0.8997256308794022
0,连资贷,0.899085059762001
1,华邦财富,0.899047739803791
0,汉沃财富,0.8986582458019257
0,京金联,0.8985334113240242
0,红云创投,0.8981564417481422
0,为为贷,0.89766426384449
0,天天添财,0.897399865090847
0,合银创投,0.8970358148217201
0,宜保通贷,0.8963223174214363
0,e兴金融,0.8962313756346703
0,贷未来,0.8961388543248177
0,易合贷,0.8957907259464264
0,拾财贷,0.8955393359065056
0,借贷云盘,0.8953995034098625
0,投复利,0.8950708135962486
0,票据客,0.8950381428003311
0,渝都贷,0.8947947397828102
0,增值e,0.8945717960596085
0,互助金服,0.8945142179727554
0,奕盈贷,0.8944472223520279
0,合贷网,0.8939741551876068
0,钱诚理财,0.893749050796032
0,小微金融,0.8936140835285187
0,自金所,0.8935968950390816
1,现佳创富,0.8935678973793983
0,八戒宝,0.8930385410785675
0,固金所,0.8925279751420021
0,乐居财富,0.8920937329530716
0,学好贷,0.8918790966272354
0,易e贷,0.891136884689331
0,库天下,0.8909139931201935
0,优投在线,0.8906126841902733
0,泰和网,0.890146017074585
0,华汇财富,0.8892751634120941
0,钱升钱,0.8891808986663818
0,全通贷,0.8889081701636314
0,天昊财富,0.8885797560214996
0,饭盒金服,0.8884795606136322
1,本利宝,0.8883380070328712
0,汇金宝,0.888248510658741
1,坤一金融,0.8878084868192673
0,投促金融,0.8877027630805969
0,合拍贷,0.8875803500413895
0,非常有财,0.8875352144241333
0,皖都金融,0.8871048465371132
0,盼贷网,0.8870798721909523
0,信可贷,0.8870579898357391
0,粤易贷,0.886882022023201
0,元宝365,0.8865121901035309
0,口碑贷,0.8858043625950813
1,爱财网,0.8857327178120613
0,望洲易贷,0.8853114247322083
0,新华久久贷,0.8851818218827248
0,亿富贷,0.8844477012753487
0,骏合金信,0.8844242841005325
0,金钥匙网贷,0.8842615634202957
0,火柴头,0.8839502856135368
0,安信网贷,0.8837954327464104
0,诚投在线,0.8835048377513885
0,广州贷,0.8834817633032799
0,明银贷,0.8834726363420486
0,昂道招财猫,0.882827453315258
0,大地金融,0.8826390206813812
0,汇金益,0.8826085850596428
0,德信贷,0.8825898393988609
0,聚诚贷,0.8822714239358902
0,易简贷,0.8818753585219383
0,第1车贷,0.8817639723420143
0,快联财富,0.8816046789288521
1,沃资本,0.8815760016441345
0,小微易贷,0.8815352022647858
0,真鑫贷,0.8813536763191223
1,泽业财富,0.8811464160680771
0,道口金融网,0.8807594478130341
0,存利网,0.8802566006779671
0,易多财富,0.8799706175923347
0,瑞钱宝,0.8799455985426903
0,恒有钱,0.8795317783951759
1,正和创投,0.8795043453574181
1,迅贷网,0.8791847378015518
0,易安贷,0.8786031305789948
0,泛湾天域,0.8784229829907417
0,金谷网盈,0.8781432509422302
0,懒虫网,0.8779206797480583
1,建辉贷,0.877881795167923
0,微融网,0.8776634410023689
0,善贷,0.8776204660534859
0,阿凡达e贷,0.8773406371474266
0,方元在线,0.8771221786737442
0,三农金服,0.877042293548584
0,金砖普惠,0.8769728466868401
0,本地贷,0.876953512430191
0,优选宝,0.8768404126167297
0,财神在线,0.876473918557167
1,懒人财富,0.8762933239340782
0,融贷通赢,0.8760580718517303
1,渣丰投资,0.8757162168622017
0,中融宝,0.8756203204393387
1,尊荣财富,0.8749021291732788
0,融商贷,0.8747455775737762
1,成峰创投,0.8747062087059021
0,致盈贷,0.8744331896305084
1,申融财富,0.87371826171875
0,聚宝匯,0.873495802283287
0,联豪创投,0.873216912150383
1,积财99,0.8727785497903824
0,知麻开门,0.8725783079862595
0,车能贷,0.8724246472120285
1,银达金融,0.8722411841154099
0,余易贷,0.8720585703849792
0,徽融通,0.8720351904630661
0,钱在线,0.8719170838594437
0,天添钱,0.8712746202945709
1,潮深E融,0.871272549033165
1,联合易贷,0.8712572604417801
0,胖毛在线,0.8706056177616119
0,利人金融（沪）,0.8702401518821716
0,高安创投,0.8697335869073868
0,阳光易贷,0.8695911169052124
1,乐投资,0.8692276924848557
0,聚财宝,0.8691730499267578
0,众投未来,0.8691705763339996
0,金花顺金融网,0.869081661105156
1,广惠人,0.8684161007404327
0,互贷网,0.8682332336902618
0,广融在线,0.8679382055997849
1,富民网贷,0.8675244450569153
0,放心贷,0.8673974573612213
0,华舵金服,0.8670476377010345
0,助赢普惠,0.8664665073156357
0,腾邦创投,0.8663261085748672
0,理财团,0.8662146478891373
1,发现地,0.8658798038959503
0,优先贷,0.8655603677034378
1,天翼贷,0.8653179556131363
1,浙楚金融,0.8643229007720947
0,首E家,0.8642246574163437
0,理融宝,0.863965779542923
0,蚂蚁兄弟,0.8634925782680511
1,存钱网,0.863422617316246
0,合盈网贷,0.8632804602384567
0,金牛在线,0.8631743937730789
0,担宝投,0.863146185874939
0,欧拉宝,0.8630499243736267
0,人人融,0.86258664727211
0,信义天下,0.8624302446842194
0,黄金街,0.8618472367525101
0,富通贷,0.8616137951612473
0,一点通,0.8610024303197861
0,北方贷,0.8598849028348923
1,金华财富,0.8589869886636734
0,融金交易,0.8585490137338638
0,中国钱庄,0.8580589294433594
1,融信贷,0.8580525070428848
0,丰收贷,0.8579293936491013
1,财金所,0.8577795326709747
1,拾贝理财,0.8577180951833725
0,懒财网,0.857443168759346
0,金梧桐,0.8571771681308746
0,信他贷,0.856822595000267
0,隆金宝,0.8567666411399841
0,安心投,0.8566768616437912
0,丰盛金,0.8566245287656784
0,懒财主,0.8565824627876282
0,花果金融,0.856563076376915
0,小富金融,0.8564694374799728
0,智投贷,0.8559820055961609
1,天瑞小小贷,0.8559506386518478
0,融途e贷,0.8557229340076447
0,金柜贷,0.8555583655834198
0,共信赢,0.8554249405860901
1,蓝筹汇,0.8545023649930954
1,友友贷,0.8543507158756256
0,冀鑫财富,0.8539337068796158
1,晨诺贷,0.8536843657493591
1,四联信投,0.8532901853322983
1,聚融汇,0.8531737327575684
1,金诺鼎,0.8525719493627548
1,15贷,0.8522332012653351
0,信通袋,0.8520457595586777
0,丰收贷理财,0.8520306497812271
1,汇鑫在线,0.8516562581062317
1,财道金融,0.8516131639480591
0,股易贷金融网,0.8515533059835434
0,票据贷,0.8514993041753769
0,玖信贷,0.8511711210012436
1,乐投网,0.8509202748537064
0,融邦网,0.8507541716098785
0,钱盒子,0.8502772301435471
0,药业贷,0.8502400815486908
0,小梦想,0.8497980237007141
0,资生管家,0.8491084277629852
0,民信贷,0.8489949107170105
0,印子坊,0.8489495515823364
0,玖盈贷,0.8487648814916611
1,华夏银泰,0.848645880818367
0,1119贷,0.8481465131044388
1,财玖有财,0.8477161079645157
1,安穗金融,0.847657710313797
0,唯信贷,0.8472407460212708
0,新纪元财富,0.8471119105815887
0,鼎诚创投,0.8468457907438278
0,沪商财富,0.8466227948665619
0,喵喵客,0.8465983271598816
0,赢多多,0.8462814390659332
1,鑫茂创投,0.8461219817399979
1,永顺贷,0.8460428267717361
0,银亿通网贷,0.8458946496248245
0,木头人,0.8458655476570129
1,财大户,0.8456815481185913
0,房融界,0.8454348295927048
0,金合社,0.8453947305679321
1,环鑫金融,0.8452912271022797
1,银瑞贷,0.8452664762735367
0,鸿学金信,0.8449956625699997
0,元鑫贷,0.8449450135231018
1,大鑫富帮,0.8446553945541382
0,1号钱庄,0.8446063250303268
0,医界贷,0.8445474356412888
0,吉成贷,0.8441440761089325
0,红顶金融,0.8439358919858932
0,深佰信,0.8436486423015594
1,奥科创投,0.843330055475235
1,鼎融资本,0.8431327193975449
0,上雨创投,0.842962846159935
0,汇理财,0.8427889943122864
0,旺财小强,0.8426773399114609
0,易通贷,0.8425465077161789
0,恒昇贷,0.8425227403640747
0,简单理财网,0.8424699008464813
0,招商贷,0.8422651588916779
1,诚信万通,0.8421472162008286
0,周转贷,0.8420400321483612
0,80资本,0.8418550044298172
0,奕诚金融,0.8417145758867264
0,拓天速贷,0.84168441593647
0,老账房,0.8413537591695786
1,热贷网,0.8413050323724747
0,集利财富,0.84122633934021
1,自由金服,0.840767964720726
0,星理财,0.8403880894184113
0,吉贷网,0.8402312994003296
0,豫麟创投,0.8399618715047836
0,爱投点,0.8398336470127106
0,搜搜金融网,0.839801236987114
0,东领在线,0.8395459949970245
0,介投行,0.8393247276544571
0,金都e贷,0.8391516804695129
1,博贷网,0.8390386253595352
0,贷动中国,0.8381421267986298
0,钱程在线,0.8378946185112
1,盛凯禄财富,0.8376161009073257
0,倍多金,0.8371163457632065
1,迅拓创投,0.8370148986577988
0,安盈创富,0.8364291787147522
1,通灵创投,0.8361753225326538
0,城商行,0.8359716832637787
1,A资本,0.8359668552875519
0,一点钱,0.8359536677598953
0,鑫隆财富,0.8356540501117706
0,苏富贷,0.8350541740655899
0,资本在线,0.8349235504865646
0,网筹金融,0.8347337394952774
0,网投网,0.8345777988433838
1,盈天下,0.8343408852815628
0,稳展财富,0.8341566473245621
0,蚂蚁白领,0.8337433487176895
0,进化互联,0.8330744802951813
0,步步盈,0.833061009645462
0,多多贷,0.8330080956220627
0,万泽财富,0.8329638689756393
1,巽邦资产,0.8326999247074127
0,锦绣钱程,0.8326767981052399
0,苏融贷,0.8325697630643845
0,春言金融,0.832409679889679
1,宗亲贷,0.8322721868753433
0,芝麻贷,0.8322465717792511
0,招财猫理财,0.831797406077385
1,通融易贷,0.8316912949085236
0,兴玉融通,0.8315903097391129
0,金硕果,0.8314453810453415
0,牛牛理财,0.8314254730939865
0,点滴金融,0.8311842679977417
0,新安左右贷 ,0.8311536759138107
0,德铢财富,0.8310767412185669
1,嘉润财富,0.8304716199636459
0,速e贷,0.8304268270730972
0,快捷财富,0.8303778618574142
0,百川创投,0.8303180485963821
0,超爱财,0.8302842229604721
1,大众金融,0.8302465230226517
0,1688易贷,0.8301030397415161
0,我企贷,0.8300143331289291
0,北方金融网,0.8299271613359451
0,富裕财富,0.829926460981369
1,银禾财富,0.829570859670639
1,济赢财富,0.8294143825769424
0,大互联,0.8293368816375732
0,汇富宝,0.8291178196668625
0,宜联易贷,0.8289032429456711
0,厚铺街,0.8288152515888214
0,和润网,0.8281144946813583
0,建安金融,0.8278816789388657
0,安心金融,0.8278255760669708
0,橙旗贷,0.8276831358671188
1,昌晟易贷,0.8275910317897797
0,百顺贷,0.8275851160287857
0,袋袋金,0.8274856507778168
0,神州通宝,0.8270360380411148
0,马尚贷,0.8270127773284912
0,贷贷平安,0.8263466060161591
0,安全投,0.826219916343689
0,第一账房,0.8255644589662552
0,旺利网,0.8255421072244644
0,添添投,0.8254460096359253
0,钱内助,0.825419157743454
0,有人贷,0.8253018409013748
1,房司令,0.8251260071992874
0,超银网贷,0.8244044780731201
0,绿谷贷融资,0.8243891894817352
0,金果财富,0.8235844671726227
0,合富吧,0.8233614265918732
0,宏东资本,0.8232984840869904
0,乐升易贷,0.8230778276920319
0,融金所,0.8225860446691513
0,京城贷,0.8224876821041107
0,首贷通,0.8220948576927185
0,巨福易贷,0.8218156397342682
0,钱来网,0.8218036144971848
0,医疗贷,0.8214361369609833
0,安捷财富,0.8209506273269653
1,中纳资本,0.8208873271942139
1,808信贷,0.8206882327795029
0,糖糖贷,0.8206684291362762
0,众可贷,0.8205447047948837
0,亚丰金融,0.8202509731054306
0,大志成,0.820087194442749
1,储钱罐,0.8200496733188629
0,家宝贷,0.8199691921472549
0,巴菲贷,0.8199431598186493
0,汇纳财富,0.8199367076158524
0,易港金融,0.8196230679750443
0,宏伟贷,0.8192101418972015
0,广发金融,0.8191821575164795
1,莱商贷,0.8191009014844894
1,鲁商贷,0.8189898580312729
0,本利网,0.8184392750263214
1,赢金贷,0.8182701021432877
1,财爷爷,0.8180987387895584
1,龙腾财富,0.8177760988473892
1,纳米时贷,0.8169137835502625
0,蜜蜂财富,0.8165805488824844
0,医融网,0.8164541274309158
1,惠民财富,0.8162103742361069
1,融合天下,0.8160673528909683
1,金融聚投,0.8158871382474899
1,中融易联,0.8156437277793884
0,银鑫源,0.815598726272583
1,快乐e贷,0.8150958567857742
1,融资贷,0.8150746673345566
0,诚壹贷,0.8150159418582916
0,乐乐贷,0.8145793676376343
0,宏骏时贷,0.8139142543077469
1,好借好还,0.8138952255249023
1,广发财富,0.8137278109788895
0,安付贷,0.8136492073535919
0,利众e贷,0.8134535998106003
1,麦粒金融,0.8131933957338333
0,58财福,0.813118577003479
1,有钱金融,0.8126847147941589
0,宝筹贷,0.8122847080230713
0,富通财富,0.8120667785406113
1,商易贷,0.8117647469043732
0,指南针,0.8113339692354202
0,惠富天下,0.8112500905990601
0,邦邦贷,0.8111427426338196
1,融讯网,0.8108293116092682
0,信而富,0.8104472309350967
1,八陆融通,0.8102145940065384
1,深速贷,0.8100388795137405
1,好优贷,0.810002788901329
0,潮人贷,0.8099923431873322
0,智富圈,0.8095488548278809
0,甬商贷,0.8093125373125076
0,亿钱贷,0.8080574572086334
0,金池e贷,0.8076024949550629
1,贤贤贷,0.8065227419137955
1,佰家创投,0.8065154552459717
0,普邦金控,0.8064367473125458
1,胜源财富,0.8063945472240448
0,互利网龙宝宝,0.8062693774700165
1,呱呱贷,0.8060459047555923
0,草根新贷,0.8054003864526749
0,西海诚鑫财富,0.8053380846977234
0,家家聚财,0.805295780301094
0,保澜贷,0.8051822632551193
1,泰麟资本,0.8050050437450409
0,金贝艺融,0.803036093711853
0,V5金融,0.8028387129306793
0,创绩宝,0.8026051372289658
0,紫金所,0.8017796874046326
1,大国贷,0.8017286509275436
0,帝天财富,0.8017074018716812
0,中正易贷,0.8015107363462448
0,汇通贷,0.8014903962612152
1,中若财富,0.8012332767248154
1,斗金贷,0.8010780662298203
0,金二代,0.8010345548391342
0,财火火,0.8003812283277512
1,亿贷网,0.800005778670311
0,宜投通,0.7995777279138565
1,财富天下,0.7994217872619629
0,金帝财富,0.7993016541004181
0,币胜贷,0.799157977104187
0,中海资本,0.799049124121666
0,多好贷（赣）,0.798054963350296
0,臻鑫创投,0.7978575229644775
0,快乐投,0.7970167249441147
0,小鹅e贷,0.7968887388706207
0,仓储贷,0.7966375201940536
0,小牛在线,0.7959484755992889
1,众融投,0.7958599776029587
0,来财街,0.79509337246418
0,贷发发,0.7946265488862991
0,雍和金融,0.79450623691082
0,兴泰财富,0.7944298386573792
0,微镑客,0.7941631078720093
0,携行天下,0.7936109155416489
0,挖财猫,0.7929680496454239
0,善金网,0.7922054827213287
0,薛国创投,0.7918612360954285
0,盛世通贷,0.7918113619089127
0,创亿财富,0.7912921160459518
0,信投宝,0.791109636425972
0,博宇金融,0.7903923243284225
0,资交所,0.7902741879224777
0,稳盈贷,0.789716899394989
0,融100,0.7894260436296463
1,新港e贷,0.7889869809150696
0,平方贷,0.7884056866168976
1,中金服,0.7875471115112305
1,讯贷网,0.7873138785362244
1,一站贷,0.7866186797618866
0,惠信贷,0.7864450067281723
1,盈汇融,0.7862936705350876
0,A+理财,0.7852317541837692
0,种子拼图,0.7847619205713272
0,创一贷,0.7843425571918488
1,国湘资本,0.7842342108488083
0,中航生意贷,0.7839985340833664
0,融众财富,0.7834564000368118
1,591车贷,0.7829689383506775
1,徽商金融,0.7823576331138611
1,贷投帮帮,0.782069519162178
1,中大财富,0.7818361222743988
1,壹方壹贷,0.7818181365728378
0,京东金融,0.7817227989435196
0,汉泰华泽,0.7815783321857452
0,贷贷好,0.7815692275762558
0,信诚贷,0.7811353206634521
0,云回通宝,0.7809939831495285
0,好管家金融,0.7804923802614212
0,丰利网,0.7804490923881531
1,筑梦天使,0.7803059369325638
0,178网贷,0.7801387906074524
0,惠龙贷,0.7797709852457047
0,壹文财富,0.7791456133127213
0,欢乐贷,0.7790748029947281
0,商富贷,0.7786821871995926
0,有友金融,0.7786355316638947
0,前金所,0.7777984887361526
0,安信聚贷,0.7775979489088058
1,汇丰贷,0.7773074507713318
0,创益100,0.7770316451787949
0,通通贷,0.7770070135593414
1,徽鑫所,0.7769705504179001
0,行行贷,0.7764531522989273
1,湘商盟,0.7763926833868027
0,大唐e贷,0.7763760834932327
0,汇付四海,0.7762840539216995
0,易融贷,0.7757632732391357
0,量子贷,0.775608092546463
0,ok贷,0.7751101404428482
1,银通贷,0.7750110626220703
0,财路通,0.7739949375391006
0,轩辕财富,0.7738222926855087
0,金融社,0.773120105266571
0,溢诚金融,0.7729638367891312
0,千金e诺,0.77248215675354
1,添亿创投,0.7724308222532272
0,普惠利德,0.7716271728277206
1,小石头金融,0.77126345038414
0,金瑞龙,0.7703979313373566
1,老友贷,0.7697010934352875
0,金晟创投,0.7692547291517258
1,万通财富,0.7690634876489639
0,银嘉在线,0.7688281685113907
1,博源e贷,0.7685409039258957
1,金裤兜,0.7683424651622772
0,易贷宝,0.768132895231247
1,如德易拍贷,0.767108291387558
1,中宝投资,0.7662205994129181
0,共赢社,0.7656932473182678
0,明志在线,0.7655744403600693
1,机器人金融,0.7643921673297882
0,金戈戈,0.7642395794391632
0,千店贷,0.7641121447086334
1,汇贷中国,0.7636845260858536
0,好帮贷,0.7636737078428268
0,鼎天贷,0.7633799463510513
1,涛财网,0.7632284015417099
0,乐信,0.7628690600395203
0,中富国帮,0.7619403153657913
0,徽金猫,0.7616980671882629
1,美好时贷,0.7615105658769608
0,艺融网,0.7608565837144852
0,智联财富,0.7604686617851257
0,微金在线,0.7599905729293823
0,信投在线,0.7599656581878662
1,萨贝尔贷,0.7598512917757034
0,京贷网,0.75979383289814
1,武汉贷,0.7587691396474838
1,中乾在线,0.7580428123474121
1,小麦创投,0.7577902972698212
1,中国二手车,0.7574673146009445
0,盛世开元,0.7574597746133804
0,中通国源,0.7572564631700516
0,通金贷,0.7556737810373306
0,融易理财,0.754757359623909
1,御声资本,0.754515528678894
0,互联贷,0.7537394315004349
1,鲁信宜贷,0.7531832009553909
0,Aoao贷,0.7530858963727951
0,真理财,0.752222329378128
1,辽商贷,0.7521973550319672
0,富田在线,0.7520812153816223
0,浙联储,0.751998707652092
0,飞翼聚财,0.7519929260015488
0,心意贷,0.751720055937767
1,华南城贷,0.7511362433433533
1,随e贷,0.750596433877945
1,众人贷,0.7496047914028168
0,金投手,0.7492214143276215
0,我投点,0.7484151124954224
0,浙商e贷,0.7483223974704742
1,宜倡财富,0.7482061088085175
1,易街金融,0.7478786408901215
0,鸿森财富,0.74753737449646
0,银通泰,0.747270405292511
1,中州易贷,0.7471027672290802
1,融资城,0.7466886639595032
0,浙昌贷,0.7466695606708527
0,合和年在线,0.7463098466396332
1,学富贷,0.7462872266769409
0,吉信佳,0.7459977865219116
0,大印财富通,0.7456288039684296
0,票号网,0.744827389717102
0,安星财富网,0.7442719340324402
1,安客创投,0.7439554333686829
0,电商贷,0.7439244985580444
1,鄂商贷,0.7438533306121826
0,融金桥,0.7430539131164551
0,苏聚创投,0.7428798079490662
0,惠恩资本,0.7422491014003754
0,恒丰财富,0.7419544756412506
0,满益网,0.7416186034679413
1,湘信网,0.7411873042583466
1,一元投资,0.7409251034259796
1,成融理财,0.7408105731010437
0,排队金融,0.7405113577842712
0,企额贷,0.7404763698577881
1,天府投资网,0.7393351197242737
1,农银贷,0.7392290234565735
0,帮友贷,0.738989531993866
1,轩鸿在线,0.7389138638973236
1,诚宜创投,0.7388144731521606
1,生财有道,0.7387710809707642
1,中贸易融,0.738419771194458
0,融邦财富,0.7381852567195892
1,锦融运通,0.7380566895008087
1,国临创投,0.7379896640777588
0,小商贷,0.7376274168491364
0,公明贷,0.7376121282577515
1,宜企贷,0.7374269068241119
0,广佛e家,0.7372022271156311
0,石榴壳,0.7369496822357178
0,禾泰财富,0.7368724048137665
0,微易贷,0.73665452003479
1,钱窝窝,0.7364878952503204
1,众润金融,0.7360673248767853
1,信易安,0.7360473573207855
1,众信在线,0.7350866794586182
1,工商贷,0.7348053157329559
1,有钱贷,0.73458331823349
0,远尚金融,0.7345573604106903
0,爱投金融,0.7344495952129364
0,雪莲借贷,0.7342962920665741
1,幸福e贷,0.7337640225887299
0,普惠理财,0.7336723804473877
0,金口袋,0.7324382662773132
0,有鱼金服,0.7324330806732178
1,互利贷,0.7322600185871124
0,车融资,0.7318935096263885
0,生意贷,0.7315308749675751
0,惠融通,0.7313725650310516
1,鑫阳创投,0.7311622202396393
1,中源资本,0.7308749854564667
0,优微贷,0.7306937277317047
0,达人贷,0.7306309938430786
0,一一贷,0.7304018139839172
0,银象网,0.7298444211483002
0,乐融巴巴,0.7292733788490295
1,力安创投,0.7289278209209442
0,易众网,0.7289206087589264
0,宜聚网,0.7288899421691895
0,金发所,0.7287828028202057
0,立马贷,0.728697657585144
0,津融贷,0.7286465466022491
0,甬红财富,0.7284821271896362
1,秦皇资本,0.7284270823001862
0,恒利网,0.7271064221858978
0,德得宝,0.7263271808624268
1,天行信,0.7258733212947845
1,旭日贷,0.7252795398235321
0,添惠贷,0.725251317024231
0,贷投乐,0.7252100110054016
0,煜达投资城,0.7248257100582123
1,彩讯贷,0.7243866324424744
0,点点财富,0.7242928743362427
0,小微蚌壳,0.7242304980754852
0,鑫融贷,0.7238138318061829
1,如通金融,0.7235828638076782
1,瑞贷通,0.7235804796218872
0,潜隆贷,0.7235222458839417
1,圆梦巴巴,0.723156213760376
0,皖江贷,0.7227776944637299
0,中青金服,0.7224158346652985
0,隆发金融,0.7223968803882599
0,民爱贷,0.722265899181366
1,网赢天下,0.7222605347633362
1,强强财富,0.7221778035163879
0,信任时贷,0.7219858169555664
1,易网贷,0.7215165793895721
1,广融贷,0.721435546875
1,好想贷,0.7214350700378418
1,金投资,0.7211815416812897
1,丰达财富,0.7206670045852661
1,融融网,0.7203390896320343
1,企联融业,0.7202300131320953
1,邦融理财,0.7200139164924622
0,世联集金,0.7195996642112732
0,E借通,0.7193049788475037
1,不倒翁贷,0.7190129160881042
1,万利财富,0.7185527980327606
1,鼎玉财富,0.718545138835907
1,中联乐银,0.7185445129871368
1,拉手贷,0.7182554006576538
0,微投天下,0.7180610299110413
1,中财在线,0.7179901599884033
0,安心de利,0.7178277373313904
0,中国融信贷,0.7169009745121002
0,联合贷,0.7162391245365143
0,喜来贷,0.7160298824310303
1,盛世创投,0.7158172726631165
0,互助贷,0.7157230079174042
0,小企业E家,0.7147878706455231
1,好乐易贷,0.7139987051486969
1,渝商创投,0.7139452397823334
0,黑豆金服,0.7130753695964813
1,丰银凯利,0.7126944661140442
0,阳光e贷,0.7126061916351318
0,广亿贷,0.7119626104831696
0,亨多财富,0.7112106382846832
0,正能贷,0.7109218537807465
0,投资无忧,0.7108977735042572
0,小诺理财,0.7104187309741974
0,集优贷,0.7098695039749146
0,瑞信富盈,0.7097772657871246
0,房贷通,0.7095542848110199
1,联帮财富,0.7094936072826385
0,财富宝投融,0.709056168794632
1,民强财富,0.7090263366699219
1,德利贷,0.7089189887046814
0,英邦投资,0.7081460654735565
0,艺点理财,0.7077357172966003
0,熊猫贷,0.7076476812362671
0,我要投,0.707342118024826
1,伯乐易贷,0.7071077525615692
1,金豪利,0.7069191336631775
0,微E贷,0.7068386077880859
1,速车贷,0.7067887783050537
0,龙城易贷,0.7063461542129517
1,美贷网,0.7060299813747406
1,超钻金融,0.7057245969772339
0,筷来财,0.7054745852947235
0,丰储宝,0.7053453922271729
0,信互贷,0.7044459581375122
1,净净贷,0.7044407427310944
0,领投鸟理财,0.7043215930461884
0,创融在线,0.703423798084259
0,湖湘贷,0.7029622793197632
0,润锦众成,0.7026008367538452
0,福鑫e融,0.7017160356044769
1,基石在线·网贷,0.7010654211044312
0,德鸿金融,0.7007605135440826
0,全球贷,0.7004011273384094
1,三人贷,0.700340062379837
0,益邦贷,0.7001007497310638
0,蜜蜂有钱,0.7000012993812561
0,满满贷,0.699364960193634
1,友融金融,0.6991483569145203
0,融佳易贷,0.6990168988704681
1,中E邦达,0.6987773776054382
1,富达亚金融,0.6987442076206207
1,名启财富,0.6987389028072357
0,缘天金服,0.697839766740799
0,小马金融,0.6976829469203949
0,久融金融,0.6976573765277863
0,融至鼎,0.697563886642456
0,银海颐乐,0.6975050270557404
1,惠宜投资,0.6970052123069763
0,典金所,0.69700488448143
1,友禾创投,0.6967243254184723
0,金道贵网贷,0.6964512169361115
0,多贷贷,0.6963729858398438
0,金玉普惠,0.6961822509765625
0,安鑫金融,0.6958140432834625
1,益元贷,0.6957254707813263
0,联正金融,0.6951723396778107
1,盈盈创投,0.6949186325073242
1,全民贷,0.6948035061359406
0,徽商贷,0.6946507394313812
1,徽商财富,0.6945496201515198
0,进弘创利,0.6935160160064697
0,众贷,0.6933553516864777
0,长江创投,0.6932511031627655
0,睿信财富,0.692707747220993
1,美冠信投,0.692596435546875
0,葫芦金融,0.6923422813415527
0,岁意讯,0.6922500133514404
0,向右转,0.6921456754207611
0,提钱网,0.6920042037963867
1,人人商贷,0.6919016540050507
1,信诺宝,0.6918153762817383
1,华夏商贷,0.6911656558513641
1,首机贷,0.6911598145961761
0,钱途贷,0.6910543441772461
0,瑞安贷,0.6908316314220428
0,山水聚宝,0.6904671788215637
0,华夏银帮,0.6903383433818817
1,拓宏理财,0.6882821023464203
1,昊华财富,0.6881631910800934
0,利往行,0.6878949105739594
1,红兆资本,0.6874908208847046
0,融交所,0.6869944334030151
0,利民网,0.6869043111801147
0,酷融贷,0.686792403459549
0,纳泓金服,0.6862862706184387
0,任我贷,0.685977965593338
1,蓝岸创投,0.6857744753360748
0,隆隆网,0.6857012808322906
0,易贷在线,0.6856400668621063
0,爱贷金服,0.6853838264942169
0,爱上贷,0.6848921179771423
0,万度财富,0.6844756901264191
0,房融所,0.6837450563907623
0,多维度,0.6831716895103455
0,掌道财富,0.6829622089862823
0,玖富理财,0.6826282143592834
0,大圣理财,0.6823630034923553
1,海西贷,0.6818259656429291
1,卡趣网,0.6817418932914734
0,天脉投资,0.6815832555294037
0,金钱窝,0.6810531914234161
0,合众e贷,0.6810201406478882
0,信和大金融,0.6801290214061737
0,叮当口袋,0.6798759400844574
1,上咸BANK,0.6798546612262726
1,财富宝,0.6794546246528625
0,基因创投,0.6785149872303009
0,玖鑫汇,0.6782481968402863
1,芝麻金融,0.678193062543869
0,旺宝财富,0.6779202520847321
0,明志财富,0.6774387657642365
1,诚意贷,0.6764902770519257
1,亿元宝,0.6764031052589417
1,飞速贷,0.676287055015564
0,世宇财富,0.6762002110481262
0,全民通金融,0.6754761338233948
0,古德金融超市,0.6746553778648376
1,联富金融,0.6745618879795074
0,微金易贷,0.6745001375675201
0,e生财富,0.6743308305740356
0,柚美理财,0.6740393936634064
1,品胜财富,0.6737754046916962
1,家园贷,0.6729595065116882
0,人文贷,0.6723161041736603
1,年享财富,0.6722763776779175
1,69贷,0.6705147922039032
0,倍赢金融,0.6702819168567657
1,红顶财富,0.6701328754425049
0,汇贷天下,0.6700793504714966
0,多多理财,0.6700526475906372
1,黔程金融,0.6696012914180756
0,我家贷,0.6693550944328308
0,乐饷吧,0.6691109836101532
0,仁我行,0.668929398059845
1,大融小贷,0.6679403483867645
1,汇丰创投,0.6671618521213531
0,庆协投资,0.6668439209461212
0,投资去,0.6667338609695435
0,奇子贷,0.6665221750736237
0,阳光贷,0.666495144367218
0,福润融通,0.6660999357700348
0,优信金融,0.6648703217506409
0,至尊宝,0.6647658050060272
1,全诚在线,0.6639080941677094
1,存钱罐,0.6633972227573395
0,众力金融,0.6633728444576263
1,财富在线,0.6631855368614197
1,融亿通,0.6617556810379028
0,徽盐金融,0.6615777015686035
0,天玑汇富,0.6614901125431061
0,融租E投,0.6614441573619843
0,广富宝,0.6611605286598206
0,徽嘉金融,0.6607049405574799
0,易钱票贷,0.6606790125370026
0,菠萝理财,0.6602676212787628
0,众合投资,0.6588810980319977
0,恒富在线,0.6587156355381012
0,久金所,0.6584709584712982
1,汇德行,0.6571497023105621
1,一起富,0.6571443974971771
0,国泰·惠民益贷,0.6562061607837677
0,猪宝宝,0.6561126410961151
0,三惠富邦,0.6560118198394775
1,中盛金服,0.6555404365062714
1,九问贷,0.6548606753349304
1,每天美贷,0.6548111736774445
0,兆鑫财富,0.6542644202709198
1,鑫华士,0.6542356014251709
1,齐鲁恒信贷,0.6541317701339722
1,乐贷通,0.6539362370967865
0,星投资,0.6525859534740448
1,金蜗牛财富,0.652458906173706
0,天顺祥信贷,0.6524389386177063
0,鑫金所,0.6523846983909607
0,天天理财,0.6519231200218201
0,爱银网,0.6515452265739441
1,创赢易贷,0.6505756378173828
0,实在贷,0.6491377949714661
0,钱鼓鼓,0.648964136838913
0,金易融,0.6489290595054626
0,金米袋,0.6488541960716248
0,搜贷天下,0.6482505798339844
0,钱富通,0.6482045948505402
0,五A贷,0.6481476128101349
0,汇商贷,0.64813032746315
0,华人金融,0.6473708152770996
1,浙江商贷,0.6470281481742859
1,高新盛,0.6469461917877197
0,金佰汇金融,0.6467662751674652
1,融金通,0.6466858088970184
1,文妥财富,0.6459622085094452
0,鱼猫金服,0.6457071602344513
0,宏泰网,0.6453341543674469
0,好利农,0.6450581252574921
0,誉金所,0.6438562572002411
0,融头金融,0.6435233056545258
0,皓添金融,0.6429609954357147
0,千企贷,0.6427500545978546
0,异享金融,0.6419622004032135
0,聚千金融,0.6417717635631561
0,享福宝,0.6416223645210266
0,爱达财富,0.6414450109004974
0,易友贷,0.6414186656475067
1,春鹏易贷,0.6410631537437439
1,起点贷,0.6408791542053223
0,海汇众筹,0.6401725113391876
0,钱途无忧,0.6401045322418213
0,中融钱邦,0.6400813460350037
0,百财车贷,0.63969886302948
1,华鑫恒生,0.6391001343727112
0,冀银理财,0.6384764015674591
0,快手理财,0.638305276632309
0,人安资本,0.6379296183586121
0,车e融,0.6375108659267426
0,金府通,0.6370702087879181
0,宝点网,0.6367977559566498
1,众和贷,0.6367099285125732
1,爱投网,0.6363355815410614
0,五星财富,0.6358340084552765
0,利魔方,0.6356906294822693
1,速可贷,0.6355073153972626
0,链金所,0.6353307068347931
1,宜佳财富,0.6346026659011841
0,帮侬贷,0.6345187723636627
0,楚天财富网,0.6338959336280823
1,盛融在线,0.6337833404541016
0,魔方贷,0.6330859065055847
0,小资钱包,0.6330750584602356
0,财富智汇,0.6326998174190521
0,有车贷,0.6323880851268768
0,中金国泰,0.6322988867759705
0,四海全球,0.6318793594837189
1,艺融易,0.6317884624004364
1,民商理财,0.630827397108078
1,粮食贷,0.6307752430438995
1,联信财富,0.6306104362010956
0,互融城,0.630440890789032
0,冠腾投资,0.6303944289684296
0,哈哈金服,0.6299567520618439
1,快融在线,0.6296958923339844
1,微小宝,0.6295728981494904
1,兴旺财富,0.6290042698383331
0,秦沪贷,0.6287174820899963
0,华众时贷,0.6278460025787354
0,黄金钱包,0.6278327703475952
0,民宝贷,0.6274794936180115
0,工程惠贷,0.6274057924747467
0,前海领投,0.6272005140781403
0,中广核富盈,0.6268226206302643
0,淦源贷,0.6262099742889404
0,乾融易贷,0.6258900165557861
0,中潮财富,0.6254646182060242
0,小鹰速贷,0.6252106726169586
0,握握贷,0.6245476007461548
0,盛鑫在线,0.6244100630283356
0,知财网,0.6233152151107788
0,宏祺金融,0.6228295564651489
0,贝贝投,0.6217957437038422
0,利多财富,0.6205515563488007
0,万家贷,0.6195735037326813
0,国民丰泰,0.6189953088760376
0,采壳365,0.6189559996128082
0,汇票通,0.6187029778957367
0,网信贷,0.6186194121837616
0,金陵贷,0.6184249520301819
1,建泰投资,0.6177601218223572
1,钱掌柜,0.6175010502338409
1,钱柜理财,0.6168742477893829
0,担保贷,0.6166623532772064
1,涌金贷,0.616361141204834
0,佰易贷,0.6162078976631165
1,优信贷,0.6152954697608948
0,科银信贷,0.6147254109382629
0,亿信宝,0.6146334409713745
1,人人爱投,0.614594429731369
0,中信实力,0.6145906746387482
1,中金e贷,0.6144234538078308
1,科煌财富,0.6135692596435547
0,优企贷,0.6131002306938171
0,e融所,0.6128606796264648
0,大白金融,0.6121859848499298
1,慧财网,0.6120120584964752
0,融远财富,0.6118583977222443
1,牡丹财富,0.6115320920944214
0,抱团贷,0.611203670501709
0,就爱金融网,0.6105896532535553
0,生金所,0.609207272529602
1,爱定投,0.6084774732589722
0,宝玉金融超市,0.607562243938446
1,一家人财富,0.607117235660553
0,智汇贷,0.606872022151947
0,广电财富,0.6066841185092926
0,世富资本,0.6061840653419495
0,申金贷,0.6056829988956451
0,360贷贷网,0.6055447459220886
0,长盈金融,0.6051374971866608
0,欧克普惠,0.6036921739578247
0,渥金,0.6026549935340881
0,长久贷,0.6017839014530182
1,东郊财富,0.6017732322216034
0,东邦易贷,0.6015488505363464
1,蜀易贷,0.6005675494670868
0,87汇财,0.5996686816215515
0,多利宝,0.5983273088932037
0,88财富网,0.598191887140274
1,金联投资,0.5977837145328522
1,官银储,0.5962482690811157
0,财富保姆,0.5956209897994995
0,通宝金服,0.5952499806880951
1,昊天财富,0.5933105051517487
0,一辰创投,0.5926600694656372
0,创富部落,0.5903688967227936
0,巧巧财富,0.5899381339550018
0,360迪迪贷,0.5896932780742645
0,柘家贷,0.5886106491088867
0,惠农宝,0.58780238032341
0,中润e在线,0.5868125259876251
0,新财富365,0.5859453678131104
1,铂利亚,0.5858868956565857
1,汇聚贷,0.5841171443462372
0,港信创富,0.5839563608169556
0,瑞银创投,0.5839267671108246
0,懒猪理财,0.583540141582489
0,中赢投,0.582885205745697
1,金马财富,0.5814623236656189
1,克克贷,0.5813839435577393
1,民生创投,0.5813358426094055
0,聚力金融,0.5810010731220245
0,蚂蚁理财,0.5803292691707611
1,铭胜投资,0.577869176864624
0,有道理财,0.5773879587650299
0,乐驰金服,0.5753129720687866
1,盈信贷,0.5749526917934418
0,汇诚金服,0.571270763874054
0,实实贷,0.5709678530693054
0,聚有财,0.5702841579914093
1,信财贷,0.5700560808181763
0,飞鱼贷,0.5687823295593262
1,兴飞财富,0.5687294006347656
1,轻纺城金融,0.5667919814586639
0,仁和融兴,0.5657389760017395
1,金葫篓,0.5646440088748932
0,惠众e金,0.5627548396587372
0,联恒金融,0.5620898306369781
0,中鼎在线,0.5611145496368408
1,苹果金融,0.559922456741333
0,易人贷,0.5591535270214081
0,农泰金融,0.5581912398338318
0,小熊在线,0.5554200112819672
0,中仁财富,0.554103434085846
1,淘贷宝,0.5538797378540039
1,合泽财富,0.5538083612918854
0,投资啦,0.5536681413650513
0,学贷网,0.5532249808311462
0,宁安贷,0.5493088662624359
0,好融贷,0.5491639971733093
1,苏丰创投,0.548747718334198
0,乐投壹佰,0.5473819077014923
0,钱立方,0.5462209582328796
0,金元开泰,0.5454484224319458
0,煜生创投,0.5454484224319458
0,和融天下,0.5454484224319458
0,众联财富,0.5443022847175598
1,成功贷,0.5429412126541138
1,中信e贷,0.5421938598155975
0,余额E贷,0.541226714849472
1,中信创投,0.5387714207172394
1,洛卡贷,0.5387290418148041
0,褔易贷,0.5386866927146912
0,润通贷,0.5375086665153503
1,365金融,0.5371325016021729
0,金蝶金链,0.5364015102386475
0,存贷汇,0.5357951521873474
0,银信贷,0.5350397229194641
0,微金互助,0.534980982542038
0,开杰圆融网,0.5318663418292999
0,金陵e贷,0.5317107141017914
0,双喆投资,0.5310091972351074
0,宏信创投,0.52938511967659
0,点银网,0.5291750431060791
0,神州贷,0.5283489227294922
1,长安易贷,0.5283356010913849
0,756金融网,0.5274098217487335
0,小树时代,0.5273598432540894
0,大数云融,0.5267125368118286
0,钱冠人人贷,0.524915337562561
1,旗融网,0.5247345268726349
0,儒商贷,0.5241017937660217
0,融盛创投,0.5238305032253265
0,安易融,0.5238305032253265
0,炜会贷,0.5231281220912933
0,北城贷,0.5227568745613098
1,昌泰网,0.5222112238407135
0,孔方兄理财,0.5169447362422943
0,中纳联投,0.5169447362422943
1,天之源贷,0.5169447362422943
1,闽昌贷,0.5147709250450134
0,金融街在线,0.514460414648056
1,融资谷,0.51362344622612
1,沪商在线,0.5133361518383026
0,富二贷,0.5119474828243256
0,汇南创投 ,0.5119443833827972
0,悦享金服,0.5106127858161926
1,有存网,0.5094909071922302
0,众储财富,0.508842259645462
0,长投在线,0.5074295401573181
0,人人富,0.5068701207637787
1,汇瑞财富,0.5065719783306122
1,金顺创投,0.5056399405002594
0,亚太投资,0.5041616559028625
0,微积金,0.5012990236282349
1,天天聚财,0.5004685819149017
0,宝典创投,0.49984902143478394
0,云贷网,0.4998033046722412
0,和盛在线,0.49833250045776367
0,好安贷,0.4980766773223877
0,河南贷,0.4980766773223877
0,鼎力投资网,0.4980219602584839
1,农商贷,0.4980158805847168
0,喔喔贷,0.4978991150856018
0,金易贷,0.49569278955459595
0,富瑞财富,0.49424558877944946
1,优悦贷,0.49382883310317993
0,中续投资,0.49324363470077515
0,银富汇,0.4929145574569702
1,互帮贷,0.4928830862045288
0,平平贷,0.4926968812942505
1,易贷乐投,0.4910215735435486
0,趣钱,0.49074453115463257
1,大佳创投,0.4901694059371948
1,融易信,0.48889267444610596
0,普惠贷,0.4871569275856018
0,e云贷,0.4871569275856018
0,网信理财,0.485917866230011
0,汇信财富,0.48415666818618774
0,融生在线,0.48379141092300415
1,91快车,0.48182570934295654
1,速银E贷,0.47993606328964233
0,聚钱袋,0.47701704502105713
1,校园贷,0.4762786030769348
0,睿银财富,0.47474879026412964
1,方凯财富,0.4729982018470764
0,九一贷,0.4707515239715576
0,慧源融投,0.46774911880493164
0,海星宝理财,0.4672587513923645
1,聚散贷,0.46534818410873413
0,创安财富,0.46532225608825684
0,融易贷,0.46325451135635376
1,中汇在线,0.46199625730514526
0,柚子理财,0.4596558213233948
1,重庆贷,0.4589799642562866
1,21世纪财富,0.45803898572921753
1,微通贷,0.4580038785934448
1,畅贷网,0.45330119132995605
0,安家贷,0.4527924656867981
1,湘商贷,0.45233601331710815
1,世昌金融,0.45204222202301025
0,开元理财,0.4487934112548828
1,发展投资,0.44793248176574707
1,汇易宝,0.44793248176574707
0,今时贷,0.4467583894729614
1,天天投,0.4458972215652466
1,神州易贷,0.4440791606903076
0,猴子理财,0.4383828639984131
1,百凯祺投资,0.436909019947052
0,聚恒贷,0.4366053342819214
0,可乐贷,0.43440699577331543
0,鉴丰金融,0.4327118396759033
1,微投网,0.4322988986968994
1,中金在线,0.4322929382324219
0,白银巷子,0.4317801594734192
0,中盈贷,0.43083399534225464
1,中银号,0.43051576614379883
1,融e365,0.4304257035255432
0,西域财富,0.4280015230178833
0,益民宝,0.4263013005256653
0,百年贷,0.42588502168655396
1,湘中银联,0.4246247410774231
0,巨涟金融,0.42431288957595825
1,钱好贷,0.424310564994812
0,助商贷,0.4199734330177307
0,全球贷（皖）,0.41839081048965454
1,艺商贷,0.4178239107131958
0,温易贷,0.417752206325531
1,富华金融,0.4119797945022583
1,诺辰财富,0.4107346534729004
0,小优贷,0.41013848781585693
0,168理财网,0.4100581407546997
1,银钱树,0.4057278633117676
1,金线财富 ,0.4049033522605896
0,51帮你,0.40381890535354614
0,金车贷,0.4030022621154785
1,聚米立方,0.3995186686515808
0,第一理财,0.3984082341194153
0,奔宝贷,0.3963768482208252
0,物金所,0.39630502462387085
1,投息宝,0.3947671055793762
1,去网贷,0.38977736234664917
0,万绿创投,0.38864654302597046
0,民生电商,0.38801974058151245
1,红酒金融,0.3868573307991028
0,点点贷,0.3868124485015869
0,德成贷,0.3853781819343567
0,苗木之家,0.38403505086898804
1,汇银财富,0.38327252864837646
0,桔子金融,0.3829737901687622
1,现贷网,0.3824029564857483
1,嘉富财富,0.3816232681274414
0,瑞涛财富,0.38066166639328003
1,优区贷,0.3793889880180359
0,钱贷子金融,0.37904566526412964
1,友贷网,0.37717360258102417
1,荔园银河系,0.3759714961051941
1,巢商金融,0.3755439519882202
1,利他人,0.3746374249458313
0,百融网,0.3743736147880554
0,中浩信投,0.3733993172645569
0,多美贷,0.3729987144470215
0,第三方金融,0.3724789619445801
0,钱景家财猫,0.370665967464447
0,易诚金融,0.36861419677734375
0,民生转赚,0.3677549362182617
1,泰堃财富,0.3645380735397339
0,粒粒贷,0.3616957664489746
1,创新众投,0.3597368001937866
0,彩云金融,0.35809236764907837
0,钱潮网,0.3573957085609436
1,淘金城,0.3568769693374634
0,玖玖金融,0.3522406816482544
1,中融财富,0.3473791480064392
0,钱江通,0.34405452013015747
1,虹银财富,0.34382832050323486
0,金策通,0.3431427478790283
0,亿人惠富,0.3397518992424011
0,安宜贷,0.33933717012405396
0,惠黎金融,0.3391844630241394
0,惠农时贷,0.3390433192253113
0,新一贷,0.33876878023147583
0,滴滴投资网,0.3366786241531372
0,鼎鑫财富,0.33503204584121704
0,小鹅网,0.33428269624710083
0,易久贷,0.3326759338378906
0,鑫贷天下,0.3312036991119385
0,微贷在线,0.3294209837913513
0,阜阳金融网,0.32811546325683594
0,MoneyHome,0.3276631832122803
0,优财树,0.3242219090461731
0,资易贷,0.32414090633392334
0,巨石财富,0.31885045766830444
1,金汇丰,0.318589985370636
0,广安宏润,0.3179340362548828
0,金安国有金融,0.3161606192588806
0,丰汇金融,0.31566333770751953
0,龍亿贷,0.31524449586868286
1,放心投资,0.3150237202644348
1,my标客,0.31029438972473145
1,积储在线,0.31003493070602417
1,南瓜P2P,0.30803924798965454
0,大丰收金融,0.3033912777900696
1,小丫P2P,0.3025112748146057
0,恒硕金融,0.2982308268547058
0,贷贷通,0.2978721261024475
0,东虹桥金融在线,0.2962649464607239
0,达飞贷,0.2955142855644226
0,实名贷,0.2949097752571106
0,沪联在线,0.2938520312309265
1,鑫发创投,0.2936253547668457
0,顺e贷,0.2935900092124939
1,百信财富,0.29234760999679565
1,齐鲁人贷,0.2911449670791626
1,满地易贷,0.28998440504074097
1,宝利金融,0.28966033458709717
1,唐人贷,0.28949278593063354
1,钱根源,0.28825807571411133
1,金油所,0.28757035732269287
1,淘财网,0.2873036861419678
0,易捷贷,0.2863028645515442
0,网汇贷,0.2862793803215027
1,爱增宝,0.2848234176635742
1,蜜蜂兵团,0.28367120027542114
0,投贷宝,0.2831875681877136
1,利人金融,0.28285378217697144
0,同城投,0.28279274702072144
0,智信创富,0.2827877998352051
0,小龟在线,0.28026360273361206
1,COLA贷,0.27937495708465576
0,众利网,0.2752365469932556
0,鼓腰包,0.27501553297042847
0,启迪金,0.27484309673309326
1,融易贷（粤）,0.27438032627105713
1,腾滕聚,0.274066686630249
0,和贵网,0.2727615237236023
0,金融街,0.2715875506401062
0,中天易贷,0.27105170488357544
0,隆泰贷,0.27042168378829956
1,益民贷,0.2689918279647827
0,梧桐E贷,0.26799339056015015
1,力川金融,0.2649860978126526
0,钱市网 ,0.2641318440437317
0,国阳财富,0.26366400718688965
0,六六投资,0.2635645270347595
0,微车融,0.2627943158149719
0,财富加油站,0.262503981590271
0,招宝万金,0.26042288541793823
0,车来贷,0.2576361298561096
0,贷信通,0.2541489601135254
0,励国理财,0.2529486417770386
1,富壹代,0.25282859802246094
1,顺昌财富,0.2524775266647339
0,乐贷网,0.25207453966140747
0,皖乾商贷,0.2497914433479309
1,万民投资,0.24773019552230835
0,银佰汇,0.24751412868499756
1,良渚财富,0.24746328592300415
0,信贷宝,0.24691438674926758
0,天天融,0.24436140060424805
1,宿州易贷,0.2413942813873291
0,寻钱网,0.23978370428085327
1,鸿诚贷,0.23939299583435059
0,盛开网,0.2393779754638672
0,微金客,0.2355913519859314
0,信用本,0.23000359535217285
0,中银汇通,0.22786307334899902
0,夏日贷,0.22222280502319336
0,融易贷（豫）,0.21685868501663208
0,国金宝,0.21494990587234497
0,兴中宝,0.21467608213424683
1,车当铺,0.213309645652771
1,金点贷,0.21207338571548462
1,交融所,0.2108812928199768
0,民投金融,0.21061670780181885
0,如意财富,0.2095600962638855
0,第一房贷,0.20765990018844604
1,华盈金融,0.2066967487335205
0,融金汇,0.20607852935791016
0,财蜂发财树,0.20269715785980225
1,活宝汇,0.2023385763168335
1,巨牛财富,0.2009967565536499
1,金承易通,0.20063036680221558
1,不差钱,0.20061635971069336
1,世纪创想,0.1982402205467224
0,融益盈,0.19201147556304932
1,零花钱,0.19191902875900269
1,可投可贷（鲁）,0.191514253616333
0,中亿资本,0.18958169221878052
1,兴业易贷,0.18799448013305664
0,蓝融汇,0.1856900453567505
1,万城汇丰,0.18509459495544434
0,平安理财网,0.18464946746826172
1,天达创投,0.18137067556381226
1,汇利通,0.17839199304580688
0,51如易贷,0.17746788263320923
1,广通贷,0.17717325687408447
0,19贷,0.17610889673233032
1,邦诚金融,0.17594468593597412
0,恒安财富钱多多,0.17488479614257812
0,悦投融,0.17409110069274902
1,沄银宝,0.17400580644607544
1,警安财富,0.17040657997131348
0,投米网,0.16674834489822388
0,恒大财富,0.1667441725730896
1,投乐网,0.16588658094406128
0,图腾贷,0.16581910848617554
1,互益贷,0.16485261917114258
0,通融财富,0.16419726610183716
0,好时代(京),0.16353297233581543
0,飞阳易贷,0.16352766752243042
1,众筹投资,0.16181212663650513
0,发发金融,0.1615239381790161
1,华辰易贷,0.15909302234649658
1,汇富创投,0.1585596799850464
0,鑫胜贷,0.1578630805015564
1,百利财富,0.154279887676239
0,蜀丰财富,0.15379828214645386
1,本息宝,0.15165334939956665
0,易利贷,0.1515999436378479
0,商汇财富,0.15004998445510864
1,e快钱,0.14995580911636353
0,文创汇,0.14944499731063843
0,响當當,0.14864587783813477
1,爱口袋,0.14668047428131104
0,蜂缘财富,0.14274901151657104
1,中联贷,0.1420162320137024
0,中e财富,0.14175701141357422
0,博拓创投,0.1415393352508545
0,种钱网,0.14149361848831177
0,嘉嘉易贷,0.14043307304382324
1,当当贷,0.13825827836990356
0,永利财富,0.13726860284805298
0,元贷通,0.13593095541000366
0,亿信天合,0.13488686084747314
1,方便贷,0.1338585615158081
0,富民投资网,0.13376778364181519
0,信广立诚贷,0.13215559720993042
0,智融会,0.131760835647583
1,亿人易贷,0.1315525770187378
1,富润金融,0.13100272417068481
0,微众筹,0.13063424825668335
0,网信财富,0.1292758584022522
1,好时代,0.12926149368286133
1,新易贷,0.12898540496826172
0,冰融贷,0.12891405820846558
1,信益贷,0.12834018468856812
0,658金融网,0.12823736667633057
1,渝易贷,0.12634330987930298
1,星光财富,0.12547838687896729
1,华深拓业投资,0.12477946281433105
1,金榜财富,0.1231837272644043
1,双富贷,0.12266463041305542
0,妥妥当,0.12174415588378906
0,聚金汇财,0.12173455953598022
1,点滴聚财,0.12128627300262451
1,财富钥匙,0.12118083238601685
0,迈信金融,0.12111908197402954
1,财利通 ,0.12105989456176758
1,如丰电子财富,0.12084531784057617
1,玄谷金融,0.1202080249786377
0,e融在线,0.11956340074539185
0,云图资本,0.11773627996444702
0,财智魔方,0.11604779958724976
1,机智投,0.11524432897567749
0,金粮宝,0.1143348217010498
1,钱江理财,0.11247539520263672
1,中祥金融,0.11206191778182983
1,有益贷,0.11174744367599487
1,融促汇,0.11166071891784668
1,道和创鑫 ,0.11025786399841309
1,用心贷,0.1101839542388916
1,盈赢贷,0.10988503694534302
1,明贷网,0.10963624715805054
1,阳光快贷,0.10923188924789429
1,孔礼贷 ,0.10804438591003418
0,淘收益,0.10685449838638306
1,泰信财富,0.10613131523132324
0,中通融贷,0.10610991716384888
0,塞上贷,0.1059577465057373
1,华东贷,0.10570341348648071
1,鑫潮创投,0.10368740558624268
1,66财富,0.10367488861083984
1,鸿湘堂,0.1021776795387268
0,日日昌,0.10214734077453613
0,百合贷,0.10036879777908325
0,融星行,0.10012263059616089
1,沪易贷,0.09994637966156006
1,安琪贷,0.09901821613311768
0,小白菜理财,0.09800350666046143
1,陆鑫所,0.09794139862060547
1,轩正创投,0.0948716402053833
1,莱诚贷,0.094593346118927
1,天勤在线,0.09155488014221191
1,迪丰资本,0.09140616655349731
1,信安财富,0.09009277820587158
1,亿信金融 ,0.09005248546600342
1,力合创投,0.08995181322097778
1,广筹网,0.08971285820007324
1,浩亚达e金融,0.08903491497039795
1,融通e贷,0.08897501230239868
1,融海财富,0.08853530883789062
1,青青贷,0.0883069634437561
1,金蝶理财,0.08722931146621704
1,财富联成,0.08610957860946655
1,骏宝威,0.08582663536071777
1,亿通投,0.08579444885253906
1,格华财富,0.08558487892150879
1,裕滨财富,0.0853697657585144
1,渤海金融,0.08501678705215454
1,赢瑞创投,0.08493959903717041
1,茂荣投资,0.08391547203063965
1,鸿商贷,0.08369028568267822
1,宏中创投,0.08254194259643555
1,伟利投资,0.0824703574180603
0,中金贷,0.0823931097984314
1,泽鑫宝,0.08217579126358032
1,你投我贷,0.08209306001663208
1,慈鑫贷,0.08188992738723755
1,恒友投资,0.0817919373512268
1,富弘易贷,0.08069396018981934
1,海阳财富,0.08015298843383789
1,天利诚投资 ,0.07987409830093384
1,文茂创投 ,0.07987409830093384
1,中银投资担保,0.07987409830093384
1,恒艳财富,0.07920652627944946
1,宝鼎投资,0.07741302251815796
1,乾恒来投资,0.07693594694137573
1,安泰卓越,0.07660084962844849
1,永融贷,0.07644021511077881
1,沃坤投资,0.07644021511077881
1,乾客天下,0.07644021511077881
1,融信达投资,0.07603824138641357
1,微利众贷,0.07593828439712524
1,亚龙信投,0.0759199857711792
1,融易融,0.07579261064529419
1,宏图创投,0.07534784078598022
1,得利宝,0.0751911997795105
1,紫金贷,0.07462400197982788
1,顺融易贷,0.07360094785690308
1,富源财富,0.07350367307662964
1,易建财富,0.07350319623947144
1,携盛金融,0.07318240404129028
1,益航贷 ,0.0726885199546814
1,坤玺金融,0.07242417335510254
1,盈聚贷,0.07227468490600586
1,凯祥财富,0.07209175825119019
1,卓信财富,0.07201772928237915
1,鑫巢财富,0.07158631086349487
1,明铄财富,0.0713353157043457
1,财安贷 ,0.07111823558807373
1,点点理财,0.07051777839660645
0,多好贷,0.0703783631324768
1,安农商贷,0.07018542289733887
1,助行投资,0.07018542289733887
1,英大创投,0.07018542289733887
1,鲁华财富,0.06932210922241211
1,佰信投,0.06891244649887085
1,及时雨网贷,0.06880581378936768
1,至鼎财富,0.06876862049102783
1,亿鑫创投,0.06872791051864624
1,龙泰财富,0.06864005327224731
1,永盈财富,0.0685964822769165
1,乾韵财富,0.06852036714553833
1,鲁源金融,0.06781315803527832
1,追潮投资,0.06740343570709229
1,鲁融贷,0.06707894802093506
1,银米贷,0.06667536497116089
1,钱布贷,0.06666761636734009
1,三五八创投,0.06655842065811157
1,金畅想,0.06645208597183228
1,信融汇金,0.06596136093139648
1,弘宇信投,0.06591445207595825
1,凌云创投,0.06570357084274292
1,小小易贷,0.0656895637512207
1,酬勤贷,0.06556403636932373
0,点牛金融,0.06543636322021484
1,展翔投资,0.06541275978088379
1,上致财富,0.06536120176315308
1,鹏飞财富,0.06532120704650879
1,新锐联,0.06524711847305298
1,嘉融贷,0.06509459018707275
1,风瑞投资,0.06509459018707275
1,银泰发,0.06509459018707275
1,易通投资,0.06502974033355713
1,惠民理财,0.0645216703414917
1,智慧树金融,0.06386357545852661
1,辉煌财富,0.06380140781402588
1,盈联网,0.06368798017501831
1,信诚创投,0.06330609321594238
1,川信贷,0.06330043077468872
1,吉超贷,0.06302821636199951
1,安贷创投,0.06284791231155396
1,亿润贷,0.06278359889984131
1,玺融资本,0.06272339820861816
1,峰诺贷,0.06261926889419556
1,彩虹财富,0.062265098094940186
1,利丰网,0.061666250228881836
1,银际财富,0.061100006103515625
1,丰融贷,0.060929179191589355
1,天成投资,0.060929179191589355
1,乐城投资,0.060929179191589355
1,众利创投,0.060903966426849365
1,盛泰信投,0.060502469539642334
1,腾远投资,0.060224175453186035
0,淘金家,0.05994725227355957
1,旺欣贷,0.059693098068237305
1,弘桥投资,0.05924862623214722
1,益宝贷,0.05917084217071533
1,如信网,0.05917084217071533
1,君发贷,0.05854612588882446
1,乐投无忧,0.05847066640853882
1,鸿利财富,0.05751556158065796
1,优利网,0.05746585130691528
1,宏飞创投,0.05743527412414551
1,赢城创投,0.05729299783706665
1,鹏天投资,0.05706048011779785
1,盈金创富,0.05683004856109619
1,益达易贷,0.05631941556930542
1,创信泰冠,0.05621761083602905
1,徽通金融,0.05620819330215454
1,乔赢财富,0.05607783794403076
1,隆晋贷,0.05580717325210571
1,昆石投资,0.05548441410064697
1,耀升信投,0.05419564247131348
1,眉州商贷,0.05376863479614258
1,鑫华创投 ,0.053689539432525635
1,久盈投资,0.052735328674316406
1,诚贷网,0.05264371633529663
1,源鑫贷,0.05260676145553589
1,华源投资 ,0.05255812406539917
1,金鑫创投,0.05136650800704956
1,福润汇鑫,0.05062192678451538
1,众力投融,0.05058133602142334
1,力元投资,0.05057579278945923
1,华幕投资,0.04988938570022583
1,徽州贷,0.049658000469207764
1,乾丰鼎盛投资,0.04920387268066406
1,龙腾投资,0.04890209436416626
1,金喜财富,0.048232972621917725
1,甲富乾财富,0.0482214093208313
1,敬友财富,0.04821896553039551
1,和泰投资,0.0481225848197937
1,天源财富,0.04777324199676514
1,保诚财富,0.04760301113128662
1,凯大投资,0.04694706201553345
1,稳收宝,0.04691207408905029
0,润恒贷,0.04687213897705078
1,海巢贷,0.046803295612335205
1,金栋投资,0.04679226875305176
1,锦慧通,0.046435534954071045
1,弘利创投 ,0.04623579978942871
1,好收易,0.04589390754699707
1,泰山贷,0.04587578773498535
1,信誉财富,0.04569363594055176
1,共赢在线,0.045674920082092285
1,元一创投,0.045631587505340576
1,卓忠贷,0.045631587505340576
1,景煜贷,0.045631587505340576
1,宏安财富,0.045328497886657715
1,云通金融,0.045234501361846924
1,滨州财富,0.04520237445831299
1,顺祥投资,0.045051515102386475
1,荣盛贷,0.044841110706329346
1,中银信投资（鄂）,0.04468727111816406
1,万汇通,0.044677555561065674
1,闽台贷,0.044564902782440186
1,中汇通投资,0.04440385103225708
1,诺一创投,0.044162213802337646
1,中富润德,0.04407358169555664
1,瑞敏投资,0.043874919414520264
1,缑城贷,0.04370081424713135
1,易融投资,0.04369884729385376
1,万家创投,0.0436214804649353
1,旺旺贷,0.043544650077819824
1,壹投资,0.043425679206848145
1,融信中盛 ,0.04342275857925415
1,金瑞投资,0.04325377941131592
1,鼎和资本,0.04309636354446411
1,利德丰财富,0.0429234504699707
1,易信云投,0.04282337427139282
1,煜尊财富,0.042617619037628174
1,丰彩投资 ,0.042589664459228516
1,德亨在线,0.04247617721557617
1,丰谦创投,0.042374610900878906
1,运兴嘉筑,0.042374610900878906
1,民间资本,0.04231691360473633
1,坤隆投资,0.042273521423339844
1,钱客金融,0.04220086336135864
1,宝都e贷,0.042169153690338135
1,首信贷,0.042149126529693604
1,众鑫贷,0.042126476764678955
1,速速贷,0.041955411434173584
0,民泰财富,0.04176640510559082
1,汇丰恒创投,0.04161030054092407
1,万博基业,0.041470229625701904
1,聚铢投资,0.04144442081451416
1,墨竹轩电子,0.04137289524078369
1,好信财富,0.041205406188964844
1,浩万投资,0.04113197326660156
1,鑫益贷,0.04111182689666748
1,信美财富,0.041103363037109375
1,兴民财富,0.041103363037109375
1,中诚财富,0.04096055030822754
1,贷宝宝,0.040898144245147705
1,智邦创投,0.04055732488632202
1,锐忻投资,0.040540337562561035
1,融创财富,0.04049718379974365
1,弘文贷,0.04049718379974365
1,百益贷,0.04044991731643677
1,幸汇财富,0.040303707122802734
1,盛泰投资,0.040232956409454346
1,无棣盛世,0.040161192417144775
1,鼎隆投资,0.04007142782211304
1,富赢财富,0.039965689182281494
1,中融速贷,0.03989410400390625
1,鸿海资本,0.03988915681838989
1,润海创投,0.03985375165939331
1,阳天财富,0.03985375165939331
1,时诗运,0.03967219591140747
1,金中信,0.03966784477233887
1,金誉丰投资,0.03960561752319336
1,天诚贷,0.03957778215408325
1,惠金创投,0.039494872093200684
1,鑫龙财富,0.039312005043029785
1,鑫联创投,0.03927415609359741
1,安泰创投,0.03919750452041626
1,徽瑞贷,0.03909766674041748
1,鑫十贷,0.03903597593307495
1,德利创投,0.03894585371017456
1,酬信投融,0.03891932964324951
1,元太在线,0.03890448808670044
1,胜达易贷,0.03885483741760254
1,钱茂财富,0.03885483741760254
1,中银汇通（粤）,0.03885483741760254
1,尔达信投,0.03885483741760254
1,金地信投,0.03885483741760254
1,国瑞财富,0.03880941867828369
1,裕德财富,0.03879290819168091
1,惠利宝,0.03877311944961548
1,艾瑞贷,0.03876495361328125
1,中青创投,0.03868478536605835
1,万利贷,0.038657307624816895
1,创值贷,0.038648903369903564
1,东信财富,0.0385967493057251
1,巨莱财富,0.0385780930519104
1,中桂联投资,0.038427531719207764
1,诺信创投,0.038311123847961426
1,金兴贷,0.03814709186553955
1,赢富达,0.03807568550109863
1,易尚在线,0.03805786371231079
1,传通财富,0.03805786371231079
1,善富资本,0.03805732727050781
1,启隆信投,0.0379563570022583
1,瑞资所,0.03795170783996582
1,宏升投资,0.03793191909790039
1,名龙资本,0.03787374496459961
1,创盛财富,0.03786653280258179
1,益远赢,0.03764718770980835
1,大地贷,0.03764468431472778
1,欧亿投资,0.03756856918334961
1,中恒盛业,0.037290096282958984
1,凤城贷,0.037287771701812744
1,聚来融,0.03718453645706177
1,众融网,0.037175893783569336
1,汇元贷,0.03711104393005371
1,星光资本,0.03699439764022827
1,中庚财富,0.03683227300643921
1,亚投财富,0.036625683307647705
1,华夏创银,0.036623597145080566
1,天之浩投资,0.036588847637176514
1,铜穗子,0.03658849000930786
1,金政创投,0.03652918338775635
1,翼凤贷,0.03652071952819824
1,人人金融,0.03652071952819824
1,顺顺贷（浙）,0.03652071952819824
1,中广财富,0.03648346662521362
1,北京软银赛富,0.036483168601989746
1,祥富春投资（沪）,0.036437034606933594
1,汉荣鼎盛,0.03641664981842041
1,鑫广顺,0.0364079475402832
1,元一投资,0.03632169961929321
1,闽商贷,0.03628462553024292
1,盛赢资本,0.03616166114807129
1,松特贷,0.03611260652542114
1,亿德汇富,0.03599268198013306
1,汪达财富,0.03597992658615112
1,乐天在线,0.03592890501022339
1,中山投资,0.03588294982910156
1,锦煜贷,0.03577995300292969
1,永利财富（安徽）,0.035738587379455566
1,商贸财富,0.03568655252456665
1,富莱而金融,0.03563171625137329
1,帮你贷（皖）,0.03562748432159424
1,沃利资本,0.03555530309677124
1,多益贷,0.03513908386230469
1,锦盛财富,0.03486049175262451
1,民间财富,0.034762024879455566
1,三块钱,0.03474855422973633
1,泯华创投,0.03472191095352173
1,中信速贷,0.03459709882736206
1,联商贷,0.0344429612159729
1,广聚财富,0.0340961217880249
1,民融通,0.03408771753311157
1,万晶聚金融,0.03391146659851074
1,光华永贷,0.033855557441711426
1,安凰贷,0.03385204076766968
1,潜力股 ,0.03355675935745239
1,新双贷,0.033084332942962646
1,亿豪商贷,0.03288626670837402
1,金鼎投资,0.03265029191970825
1,联合信贷,0.032544493675231934
1,亿谷财富,0.03235805034637451
1,安农e商,0.03220492601394653
1,九华金融,0.03203558921813965
1,高效贷,0.03176844120025635
1,荣京贷,0.031411945819854736
1,慧众投,0.031392693519592285
1,璀璨明珠 ,0.03122347593307495
1,国银贷,0.0309373140335083
1,天弘创投,0.030935168266296387
1,百e贷,0.030931174755096436
1,加诚金融,0.030890047550201416
1,周道财富,0.030780136585235596
1,马上有钱,0.030762135982513428
1,惠通贷,0.030708134174346924
1,合筑资本,0.030660808086395264
1,诚德担保,0.030642986297607422
1,窑湾贷,0.030547142028808594
1,永融e贷,0.030541956424713135
1,冠丰投资,0.03046250343322754
1,元邦创投 ,0.030436456203460693
1,聚鑫贷,0.030392885208129883
1,国银财富,0.029889941215515137
1,富创贷,0.029870152473449707
1,贷易网,0.02984684705734253
1,中安永恒财富,0.029673755168914795
1,聚投网,0.029579877853393555
1,亚港投资,0.029441535472869873
1,奇旺投资,0.029441535472869873
1,龙跃贷,0.029392242431640625
1,一禾网,0.02931457757949829
1,京银财富,0.02931457757949829
1,盛达投资,0.02931457757949829
1,日宝网,0.02928292751312256
1,发利网,0.02927684783935547
1,明启华投资,0.029238462448120117
1,百泓财富,0.0290374755859375
1,宝丰财富,0.028912246227264404
0,笑着赚,0.028907835483551025
1,融和创鑫,0.028855323791503906
1,水晶贷,0.028849899768829346
1,瑞言贷,0.028835713863372803
1,金信贷,0.028790712356567383
1,中海融通,0.028787553310394287
1,足鞋贷,0.02875649929046631
1,浙融创投,0.02862107753753662
1,晨升投资,0.02828991413116455
1,宝翔投资,0.02828991413116455
1,步华投资,0.02825993299484253
1,众达贷,0.02823007106781006
1,盈通易贷,0.02822399139404297
1,钱海创投,0.02819192409515381
1,同发理财,0.027962327003479004
1,安融网,0.027915656566619873
1,环球财富,0.027806341648101807
1,联帮贷,0.027766644954681396
1,壹视财富,0.02756202220916748
1,立洲金融,0.02742713689804077
1,鲁滨易投,0.02742713689804077
1,点道投资,0.02742713689804077
1,源泰易贷,0.02742713689804077
1,祥富春投资(粤）,0.02737879753112793
1,广发贷,0.02736639976501465
1,天力贷,0.027221858501434326
1,盛宇财富,0.02711397409439087
1,邦慧投资,0.027068614959716797
1,卓越财富,0.027018368244171143
1,卓彤网 ,0.027007758617401123
1,诺贷投资,0.026976406574249268
1,西部聚财,0.026765525341033936
1,感投网,0.02668440341949463
1,乐投微贷,0.026594579219818115
1,车妈妈,0.026316463947296143
1,万钧财富,0.02628093957901001
1,温商金融,0.026202380657196045
1,新聪理财,0.02573847770690918
1,资本密码,0.02559220790863037
1,信业财富,0.02514064311981201
1,招金贷,0.02508854866027832
1,迈龙财富,0.025041699409484863
1,招商加盟贷,0.024880588054656982
1,瑞诚贷,0.02456456422805786
1,家融合,0.024346351623535156
1,众富随心贷,0.024346351623535156
1,中贷信创,0.024148106575012207
1,元亨泰富,0.02396029233932495
1,福州财富,0.023726820945739746
1,群润贷,0.0236508846282959
1,宝盖头,0.02346402406692505
1,宇鑫人人贷,0.023396313190460205
1,亿鑫贷,0.023393094539642334
1,融华财富,0.023385226726531982
1,光世界金融,0.023106753826141357
1,福翔创投,0.022917509078979492
1,沪发贷,0.022917509078979492
1,福祥创投,0.022917509078979492
1,海发财富,0.022917509078979492
1,达通创投,0.022703230381011963
1,华强财富,0.022591769695281982
1,华生贷,0.022521138191223145
1,信邦创投,0.022506296634674072
1,钰泰财富,0.022152841091156006
1,五洲财富,0.022113323211669922
1,北斗金融,0.02181398868560791
1,佳通创投,0.021731317043304443
1,平海金融,0.021731317043304443
1,合众贷,0.021487176418304443
1,东方创投,0.021432161331176758
1,家家贷,0.021393954753875732
1,3a借贷,0.021355748176574707
1,立贷网,0.02028125524520874
1,惠信财富,0.020151495933532715
1,阿拉贷,0.019915997982025146
1,众贷网,0.019915997982025146
1,城乡贷,0.019232213497161865
1,一诺创投,0.01913917064666748
1,汇众贷,0.01860678195953369
1,正大金融,0.018574059009552002
1,聚众贷,0.018574059009552002
1,优易贷,0.017659127712249756
1,禾嘉创投,0.01737058162689209
1,淘金贷,0.0170670747756958
1,今鑫财富,0.016744554042816162
1,凌轩财富,0.016134023666381836
1,大家网,0.016069233417510986
1,浙亚财富,0.015959560871124268
1,网梦创投,0.015791654586791992
1,恋贷网,0.015662431716918945
1,众贷邦,0.015662431716918945
1,非诚勿贷,0.015123963356018066
1,华融天成,0.01427006721496582
1,君孚财富,0.013755500316619873
1,百事得财富,0.013651609420776367
1,亿峰借贷,0.013153791427612305
1,德州贷,0.012939035892486572
1,福易贷,0.012779176235198975
1,青源贷,0.012709498405456543
1,鼎力贷,0.012700974941253662
1,给力贷,0.012700974941253662
1,蚂蚁贷,0.012700974941253662
1,哈哈贷,0.012700974941253662
1,贝尔创投,0.012700974941253662
1,天使计划,0.012700974941253662
1,空中贷,0.012700974941253662
1,学生借贷网,0.012700974941253662
1,鑫利源,0.01255345344543457
1,融邦贷,0.01240992546081543
1,民联贷,0.012122154235839844
1,中信贷,0.011901259422302246
1,贵福财富,0.011608779430389404
1,富豪创投,0.011510312557220459
1,鸿利贷,0.011195003986358643
1,宜商贷,0.010956287384033203
1,德塞财富,0.010919153690338135
1,万利创投,0.010919153690338135
1,众富贷,0.010892093181610107
1,汇宝信贷,0.010734915733337402
1,乐网贷,0.01057976484298706
1,浙商贷,0.01057976484298706
1,酷跑金融,0.0105629563331604
1,硕宝投资,0.010534703731536865
1,世成贷,0.010384082794189453
1,金淮贷,0.010347843170166016
1,保险贷,0.010312139987945557
1,盈通投资,0.01001816987991333
1,鹏城贷,0.009648621082305908
1,银都创投,0.009365856647491455
1,融宝贷,0.009307384490966797
1,宝丰创投,0.009055614471435547
1,时时宝,0.008918166160583496
1,仁信贷,0.008887827396392822
1,南岭财富,0.008564651012420654
1,锋逸信投,0.0085105299949646
1,人山贷,0.008491814136505127
1,汇银投资,0.008372128009796143
1,徽煌财富,0.008344829082489014
1,都梁创投,0.00825732946395874
1,光大信投,0.008256256580352783
1,怀民贷,0.008228182792663574
1,高益创投,0.0082017183303833
1,云联贷,0.007945775985717773
0,金牛座,0.007741272449493408
1,聚金投资,0.007708430290222168
1,云峰理财,0.007592558860778809
1,优旺诺祥,0.007553696632385254
1,及时贷,0.007049858570098877
1,德利汇金,0.0067855119705200195
1,好利贷,0.006767868995666504
1,睿逸财富,0.006704807281494141
1,帮你贷,0.006602585315704346
1,维沃财富,0.006600737571716309
1,中银资本,0.0065405964851379395
1,黄山资本,0.006455600261688232
1,银实贷,0.006455600261688232
1,通联贷,0.006380677223205566
1,天标贷,0.006238162517547607
1,莲花财富,0.00608980655670166
1,财富园,0.0060083866119384766
1,康意和,0.005963683128356934
1,华悦财富,0.005960524082183838
0,海吉星金融网,0.005829274654388428
1,宝多多,0.0057495832443237305
1,金银丰,0.0057100653648376465
1,海陵贷,0.005586683750152588
0,钜宝盆,0.005447328090667725
1,信博财富,0.005437731742858887
1,江城贷,0.0054315924644470215
1,益得创投,0.005400717258453369
1,宝仕金融,0.005243182182312012
1,华飞资本,0.005180478096008301
1,慧众财富,0.005009114742279053
1,乾坤贷,0.004990935325622559
1,铜都贷,0.0049315690994262695
1,乘10理财,0.004815518856048584
1,凯盈财富,0.004746615886688232
1,银鑫贷,0.004716038703918457
1,龙腾理财,0.0046887993812561035
1,连云港e贷,0.004463374614715576
1,多利宝理财（鄂）,0.0042754411697387695
1,友信网投,0.004173636436462402
1,浙信贷,0.004099369049072266
1,华人贷,0.0039550065994262695
1,中汇金融,0.0038248300552368164
1,助民贷,0.003812074661254883
1,常盈财富,0.003784775733947754
1,皓峰财富,0.003771066665649414
1,永泰达投资,0.0037121176719665527
1,小微所,0.003708064556121826
1,合利在线,0.0036770105361938477
1,荣桓世远,0.0034857988357543945
1,元宝街,0.0034338831901550293
1,融业网,0.0034270286560058594
1,微尘聚金,0.0033983588218688965
1,佳联财富,0.003283858299255371
1,鸿磊财富,0.0032109618186950684
1,矩顺财富,0.003156602382659912
1,好运财富,0.0030927062034606934
1,温州金融港,0.0028845667839050293
1,汇众商贷,0.0028670430183410645
1,日金贷,0.0028488636016845703
1,创鑫贷,0.002809464931488037
1,台商金融,0.0027818679809570312
1,皇顺贷,0.002730250358581543
1,众人贷（鲁）,0.002700507640838623
0,金蛋理财,0.0026351213455200195
1,众信财富,0.0025859475135803223
1,壹号金融,0.002572774887084961
1,名宏创投,0.0025540590286254883
1,华迪易投,0.002550065517425537
1,玉丰投资,0.0025407075881958008
1,太湖金融,0.0024958252906799316
1,汇凯鑫创投,0.002478957176208496
1,雅戈创投,0.002451658248901367
1,万鼎投资,0.0023310184478759766
1,财富广域,0.0023233890533447266
1,保全财富,0.0023009777069091797
1,四季贷,0.0022849440574645996
1,昊泽贷,0.002282083034515381
1,金德易贷,0.0022698640823364258
1,三农创投,0.0022632479667663574
1,金泰财富,0.0022234320640563965
1,召鑫财富,0.002169966697692871
1,滴水微贷,0.002114534378051758
1,兴盛贷,0.0020656585693359375
1,D1金融,0.002030789852142334
1,宏德创投,0.0019735097885131836
1,融丰创投,0.0019465088844299316
1,鼎诚财富,0.0019363164901733398
1,诚信宝,0.0019243359565734863
1,大大宝,0.0019019842147827148
1,金满盆,0.0018656253814697266
1,南汇财富,0.0018553733825683594
1,聚信通,0.0018194913864135742
1,微美金融,0.0018120408058166504
1,德信财富,0.0017936229705810547
0,金联所,0.0017631053924560547
1,荣钻贷,0.001753389835357666
1,有人投,0.0017375946044921875
1,敏迎投资,0.001735687255859375
1,鑫满盈 ,0.0017249584197998047
1,零一贷,0.0017101764678955078
1,诚铭投资 ,0.0017080307006835938
1,燕赵借贷网 ,0.0016977190971374512
1,星期八金融,0.0016875863075256348
1,万遇金融,0.00168532133102417
1,牛车在线,0.0016548633575439453
0,星之灵,0.0016480088233947754
1,鑫汇在线,0.0016363263130187988
1,贷贷通（蜀）,0.0016088485717773438
1,银盛亿达,0.001575767993927002
1,伊凡诺投资,0.0015701651573181152
1,胜达投资,0.0015433430671691895
1,鸿康创投,0.0015145540237426758
1,深港易贷,0.0015112757682800293
1,通达财富,0.0015031099319458008
1,润通创投,0.0014897584915161133
1,满仓赢,0.001478433609008789
1,拜腾财富,0.0014380812644958496
1,美美贷,0.0014247298240661621
1,温心创投,0.0014190673828125
1,亿豪通,0.0014151334762573242
1,稳益贷,0.00136566162109375
0,节节贷,0.001323997974395752
1,恒通金融,0.0013114213943481445
1,群众贷,0.0012868046760559082
1,亚厚财富,0.0012808442115783691
1,壹诺理财,0.0012774467468261719
1,网金宝,0.0012600421905517578
1,永合贷,0.001257181167602539
1,贺翔财富 ,0.0012525320053100586
1,中投瑞银投资,0.001225888729095459
1,金麒麟,0.0011837482452392578
1,玖信理财,0.0011837482452392578
1,迅益贷,0.0011837482452392578
1,享投网,0.0011837482452392578
1,携成贷,0.0011837482452392578
1,舒心贷 ,0.0011837482452392578
1,合众融通,0.001172184944152832
1,泓润恒业,0.00116729736328125
1,速帮经济 ,0.0011575818061828613
1,泉旺创投,0.0011553168296813965
1,旭鑫投资,0.0011470317840576172
1,心诚创投,0.0011339187622070312
1,锐畅易贷,0.0011336207389831543
1,新华贷,0.0011289119720458984
1,太阳金服,0.0011221766471862793
1,祥仁投资,0.0011221766471862793
1,金坤投资,0.0011221766471862793
1,西北贷 ,0.0011221766471862793
1,盛合金融,0.0011221766471862793
1,零薪投资,0.0011221766471862793
1,荣锦创投,0.001122117042541504
1,冠宇投资,0.0011089444160461426
1,华富信投,0.0011004209518432617
1,农科城网贷,0.0010949969291687012
1,民生投资,0.0010808706283569336
1,宝丰易贷,0.0010715723037719727
1,惠利银通,0.0010697245597839355
1,检顺财富,0.0010599493980407715
1,方圆财富,0.0010551214218139648
1,惠卡贷,0.001040637493133545
1,汇投汇贷 ,0.0010253190994262695
0,e理财,0.001013636589050293
1,爱网贷,0.0010017752647399902
1,欣旺达财富,0.0009934306144714355
1,誉信贷,0.000964820384979248
1,久鼎创投,0.0009587407112121582
1,姑苏财富,0.0009433627128601074
1,泓然控股,0.0009432435035705566
1,汉本在线,0.0009377598762512207
1,尚融财富,0.0009354948997497559
1,永利天成,0.0009331107139587402
1,雨滴财富,0.0009316205978393555
1,美E贷,0.0009289383888244629
1,18亮点贷,0.0009230375289916992
1,光大富尊,0.0009183287620544434
1,永信财富,0.0009128451347351074
1,一诺财富,0.0009074211120605469
1,汇金众盈,0.0008943080902099609
1,善安合财富,0.0008882284164428711
0,明利财富,0.0008876323699951172
1,钱塘人家,0.0008864402770996094
1,慧眼通贷,0.0008767247200012207
1,华夏信,0.0008756518363952637
1,珊湖财富,0.0008741021156311035
1,大华财富,0.0008728504180908203
1,小虎金融,0.000870048999786377
1,华东财富,0.0008677840232849121
1,标晨投资,0.0008649230003356934
1,第四市场,0.0008544325828552246
1,幸福财富,0.0008419156074523926
1,汇亿财富,0.0008392333984375
1,鸿屹资本,0.0008355975151062012
1,聚商一百,0.0008320808410644531
1,佳伦资本,0.0008310675621032715
1,聚贷网,0.0008282065391540527
1,人贷贷,0.0008037686347961426
1,洪升财富,0.0008037090301513672
1,威泰创投,0.0007996559143066406
1,御帮贷,0.0007978081703186035
1,龙华贷,0.0007919669151306152
0,玖富,0.0007919669151306152
1,昌盛易贷,0.0007919669151306152
1,微方财富,0.0007919669151306152
1,甬都贷,0.0007777214050292969
1,银银贷,0.0007770657539367676
1,晶玉贷,0.0007718801498413086
1,致盛贷,0.0007684230804443359
1,瑞城财富,0.0007497072219848633
1,房车贷,0.0007368922233581543
1,一本贷,0.0007349252700805664
1,汉国钱庄,0.0007321834564208984
1,华容创投,0.0007175207138061523
1,宜信宜投,0.0007119178771972656
1,瓯江贷,0.000708460807800293
1,楚盈贷,0.0007065534591674805
1,富城贷,0.0007048845291137695
1,京浙贷,0.0007033944129943848
1,重友财富,0.0006986856460571289
0,OK贷,0.0006899237632751465
1,圣达创投,0.0006871223449707031
0,瑞通易贷,0.0006864070892333984
1,云商贷,0.0006829500198364258
1,宜客贷,0.0006829500198364258
1,稳稳盈,0.0006829500198364258
1,新中金财富,0.0006829500198364258
1,满堂金,0.0006824731826782227
1,德鸿贷,0.0006620883941650391
0,叶子金服,0.000653386116027832
1,万晶聚投资,0.0006503462791442871
1,聚宝通,0.0006500482559204102
1,鼎瑞投资,0.0006500482559204102
1,中融资本,0.000638425350189209
1,汇财宝,0.0006303787231445312
1,信丰财富,0.0006186962127685547
1,京商网,0.0006186962127685547
1,度尔投资,0.0006186962127685547
1,益盈投资,0.0006186962127685547
1,腾略创投,0.0006186962127685547
1,高利投资,0.0006186962127685547
1,鼎丰投资,0.0006186962127685547
1,金泰达投资,0.0006186962127685547
1,宏高资本,0.0006186962127685547
1,汉泽天下,0.0006186962127685547
1,信优贷,0.0006186962127685547
1,惠兴通,0.0006168484687805176
1,润达贷,0.0006155967712402344
1,聚宝盆,0.000600278377532959
1,日升财富,0.0005919337272644043
1,华纳汇盈,0.0005888938903808594
1,金升贷,0.0005688667297363281
1,鑫汇融合,0.0005646347999572754
1,联创财富,0.0005631446838378906
1,时时贷,0.0005605220794677734
1,尧瑞投资,0.0005605220794677734
1,妙慈投资,0.0005567669868469238
1,鼎元贷,0.0005338788032531738
1,信邦财富,0.0005338788032531738
1,琳鹏创投,0.0005338788032531738
1,国安贷,0.0005294084548950195
1,融益财富,0.000514686107635498
1,汉腾创投,0.0005133152008056641
1,恒金贷,0.0005085468292236328
1,纯嘉投资 ,0.0005080103874206543
1,草原理财,0.0005080103874206543
1,金财通,0.0004991888999938965
0,天使贷,0.0004966855049133301
1,999理财,0.00048738718032836914
1,兴利贷,0.0004843473434448242
1,创金财富,0.0004843473434448242
1,港兴投资,0.00047898292541503906
1,咱去投 ,0.0004768967628479004
1,米兰金融,0.00047385692596435547
1,金贷子,0.00047385692596435547
1,立鼎资本,0.00047343969345092773
1,致雅财富,0.00047338008880615234
1,里外贷,0.0004711151123046875
1,善德财富,0.0004697442054748535
1,股民贷,0.00046133995056152344
1,壹唯世创投资 ,0.0004571676254272461
1,斯格瑞特投资 ,0.00045502185821533203
1,布贷宝宝,0.00045502185821533203
1,益盛财富,0.00045502185821533203
1,纵横投资,0.00045502185821533203
1,全家福,0.0004513263702392578
1,宝金所（苏）,0.00044083595275878906
1,油财宝 ,0.0004290938377380371
1,帝业投资,0.00042814016342163086
1,恒融财富,0.0004208087921142578
1,有道财富,0.00041872262954711914
0,德丰投资,0.00041872262954711914
1,茶金所,0.0004152655601501465
1,民大投资,0.0004132986068725586
1,江腾金融,0.0004132986068725586
1,金蛋e贷,0.00041037797927856445
1,鼎日投资,0.0004094243049621582
1,宝筹网,0.00040435791015625
1,三姐投融,0.00040018558502197266
1,微投所,0.00038945674896240234
1,江南创投,0.00038045644760131836
1,浙江贷,0.0003718733787536621
1,天基投资,0.0003718733787536621
1,押押贷,0.0003688335418701172
1,云腾信,0.0003427863121032715
1,德鑫财富,0.0003393888473510742
1,祥晨财富,0.0003393888473510742
1,旭贷网,0.0003361701965332031
1,汇富帮,0.0003287792205810547
1,金瑞盈,0.0003211498260498047
1,大禹资本,0.00032085180282592773
1,易起创投,0.0003196597099304199
1,聚融贷,0.0002918839454650879
1,鑫融城,0.00028908252716064453
1,汾湖投资,0.0002868175506591797
0,创贷网,0.0002779960632324219
1,盛世汇盈,0.00027626752853393555
1,华信贷,0.00027495622634887695
1,起跑线借贷,0.00026530027389526367
1,财益创投,0.00026214122772216797
1,亚盛财富,0.00026154518127441406
1,鲁润创投,0.00026154518127441406
1,春强财富,0.00026154518127441406
1,鼎和贷,0.00026154518127441406
1,福人创投,0.00026154518127441406
1,聚融投,0.0002570152282714844
1,财意创投,0.000249326229095459
1,拓达贷,0.0002487301826477051
1,恒丰信投,0.0002487301826477051
1,合汇富,0.00024819374084472656
1,成融贷,0.00024688243865966797
1,得易贷,0.0002410411834716797
1,汴京财富,0.0002365708351135254
1,国汽金融,0.0002250075340270996
1,盛世财富（鄂）,0.00022339820861816406
1,保本儿,0.0002180933952331543
1,基鼎贷,0.00021404027938842773
1,北部湾财富,0.00021404027938842773
1,鼎方投资,0.00020682811737060547
1,6000贷,0.00020521879196166992
0,朝助创投,0.00020354986190795898
1,天天利,0.00020354986190795898
1,九鼎投资（冀）,0.00020325183868408203
1,瑞金资本,0.00020325183868408203
1,余下钱,0.00020271539688110352
1,粤利通,0.00020271539688110352
1,桂融贷,0.00020164251327514648
1,广佳贷,0.00019925832748413086
1,欣鼎贷,0.0001976490020751953
1,万元财富,0.00019729137420654297
1,同鑫创投,0.00019544363021850586
1,浙配资网,0.00019538402557373047
1,慧鸣贷 ,0.00019532442092895508
1,蔬泽创投,0.000194549560546875
1,贷记宝 ,0.0001932382583618164
1,云融通,0.00018739700317382812
1,亚联贷,0.00018739700317382812
1,信贷365,0.00018668174743652344
1,贵禄财富,0.00018459558486938477
1,小蜜蜂理财 ,0.00018310546875
1,58钱管家,0.00018268823623657227
1,云鼎汇融,0.0001819133758544922
1,欣融贷,0.00017905235290527344
1,金陵财富,0.00017851591110229492
1,弘富贷,0.00017684698104858398
1,金冠贷,0.00017523765563964844
1,融大在线,0.00017410516738891602
1,惠仁财富,0.00016951560974121094
1,宜众贷,0.00016760826110839844
1,楚商创投,0.00015270709991455078
1,江淮财富,0.0001398324966430664
0,律邦融安,0.00013554096221923828
1,新乡贷,0.0001302957534790039
1,国创投资,0.0001265406608581543
1,鼎泰益,0.00012451410293579102
1,豫诚财富,0.00012451410293579102
1,华商财富,0.00012451410293579102
1,金翌豪创投,0.00012451410293579102
1,多彩多乐,0.00012409687042236328
1,广融钱多多,0.00011903047561645508
1,处州贷,0.00011557340621948242
1,乐贷网（鲁）,0.00011414289474487305
1,美嘉创投,0.00011372566223144531
1,安旺P2P,0.00011342763900756836
1,建明财富,0.00011044740676879883
1,龙源金融,0.0001042485237121582
1,甬发贷,9.906291961669922e-05
1,盛德多投资,9.894371032714844e-05
0,易贷中国,9.167194366455078e-05
1,润宏贷,9.065866470336914e-05
1,信达财富,8.83936882019043e-05
1,鸢都贷,7.927417755126953e-05
0,万佳金融,7.647275924682617e-05
1,快可贷,7.43865966796875e-05
1,翰爽投资,7.414817810058594e-05
1,天晨财富,7.30752944946289e-05
1,君茂财富,7.110834121704102e-05
1,银坊金融,6.562471389770508e-05
1,国鼎投融 ,5.9604644775390625e-05
