deve_score,name
0.8897386617064476,兴业易贷
0.6053457614779473,鑫阳创投
0.4232862055301666,万民投资
0.4059709510207176,神州易贷
0.38982575923204416,华鑫恒生
0.3834952446073293,微小宝
0.3799638796439103,闽昌贷
0.377128589451313,安宜贷
0.37173767387866974,鲁信宜贷
0.36196114623940956,美冠信投
0.35991346622700804,渝商创投
0.3530622079828754,友禾创投
0.3480152020603419,宜企贷
0.33464799877256163,良渚财富
0.3345465713739395,浙联储
0.3341240872442722,昊天财富
0.33133683264255526,品胜财富
0.33027673959732057,华南城贷
0.32955406049732117,上咸BANK
0.32887961063534027,苏丰创投
0.32883701395906967,轻纺城金融
0.3279862413154624,诚意贷
0.3271645616680442,莱商贷
0.32598623036341456,民生创投
0.3251641345024109,力川金融
0.32453461542725565,益元贷
0.3227314613759517,陆鑫所
0.3203908042395887,鲁商贷
0.3199306755699217,帮客网
0.31658796161413194,金陵贷
0.3154245836287737,富二贷
0.3149100403205375,幸福贷
0.3121691579371691,邦诚金融
0.3111815998703242,华辰易贷
0.3016740347445011,点滴聚财
0.29856325268149375,聚金汇财
0.2983237937092781,春鹏易贷
0.29818956077098846,成功贷
0.29818655918352305,众和贷
0.29670783564448355,家家聚财
0.2902531138062477,财富在线
0.2894348598003853,中大财富
0.2893580731004477,百利财富
0.28759464249014854,世纪创想
0.2849645829200745,盛信金融
0.2848423743247986,众筹投资
0.2840357065200806,合泽财富
0.2834638997912407,宝利金融
0.2824711615019478,量子贷
0.2820269930362701,万城汇丰
0.2785511870164191,凤凰金融
0.27832255253568294,国湘资本
0.276088416697178,中汇在线
0.2751688580028713,天天聚财
0.2750508594512939,淘金城
0.27276651977375155,力安创投
0.2711287824809551,钱江理财
0.268767948448658,诺辰财富
0.2686075955629349,懒人财富
0.2679950015225841,丰达财富
0.26726823538541794,睿银财富
0.2654701355099678,福润融通
0.2651649624109268,百凯祺投资
0.2613096367567777,天天融
0.25967144485097376,和诚德在线
0.25659524112939835,融生在线
0.2552292007505894,鸿诚贷
0.2530086709856987,利安贷
0.25190990264725405,年享财富
0.2512286561569199,鼎玉财富
0.24998372197151184,三惠富邦
0.24898040145635605,融亿通
0.24837544091045857,华融众信
0.24799400155537296,甬商贷
0.24766839981079103,十鼎贷
0.2466462703049183,网汇贷
0.2439737846143544,好借好贷
0.2430200327038765,汇富创投
0.24129910421559422,快速贷
0.2412761980891228,爱上贷
0.2411887754397467,稳通金融
0.23997167101479136,齐鲁人贷
0.23989374109155545,山水聚宝
0.23936342708766462,兴旺财富
0.23903234917670485,黑火金融
0.23888712748885155,21世纪财富
0.23849978976223643,起点贷
0.2378001166507602,天勤在线
0.23767667211592194,丰储宝
0.2369543083012104,永银贷
0.23541358321905131,瑞涛财富
0.2348259910941124,中盈贷
0.23450334280729299,天脉投资
0.2342255379259586,携行天下
0.23389975398644341,龙城易贷
0.23381681554613165,汇聚贷
0.23309528072575322,my标客
0.2326335713267326,盈信贷
0.23209563083946705,信财贷
0.23189432680606842,银钱树
0.23158137917518615,吉强贷
0.2313734251856804,安贷宝
0.22877274442790077,蜀易贷
0.2282226247624494,车易贷
0.2263449728488922,助商贷
0.2258738595992327,昌泰网
0.2249991803132559,点点贷
0.2248771134763956,速贷100
0.22399997891785436,宏信创投
0.2239883816317888,友友贷
0.22364280742779372,汇丰创投
0.22165760815143584,余易贷
0.22138704478740692,大佳创投
0.2209999999993971,拍拍贷
0.22090805135667324,中续投资
0.22052502930164336,亿人易贷
0.22019988298416135,柘家贷
0.2199451215617592,广融在线
0.2198985337483464,e融在线
0.21890377216041088,世纪贷
0.21819386631250381,冰融贷
0.21803066199645404,黄鹤金服
0.2159508543892298,瑞贷通
0.21588898957567293,广亿贷
0.2155308973789215,腾滕聚
0.21549328029155732,汉泰华泽
0.21545629635080693,地方金融
0.21473544439673428,鼎融资本
0.21466017996892334,彩讯贷
0.2144949395209551,梧桐E贷
0.2144367291778326,阜阳金融网
0.21430892966687679,融促汇
0.2140240376740694,润通贷
0.21389647372138446,自由金服
0.21340414845943453,一元投资
0.21221232675015927,巴菲贷
0.21141531917452813,乐投资
0.2111791902780533,阳光快贷
0.21059320611258156,智融财富
0.21043714402019975,恒信易贷
0.20998242069494158,好优贷
0.20993190918175972,广西东盟贷
0.2094028454720974,惠富天下
0.20909217936918142,贷乐网
0.2088985848426819,多多贷
0.20887384951044805,微E贷
0.20885979370214044,亨多财富
0.2069999893736351,草根新贷
0.20609999970095014,热贷网
0.20606222913265226,中浩信投
0.20557814463973045,大时贷
0.20549978395923973,宏东资本
0.20481622332707045,本利宝
0.20449609994888307,金马财富
0.20399906131538412,融易贷（粤）
0.20364638417959213,创亿财富
0.2029956531097632,微金互助
0.20279999999548817,808信贷
0.2021475091576576,沪联在线
0.20174822493206596,信和贷
0.20096911703034132,诚汇通
0.20063306682184337,钱根源
0.1999999958040995,融资城
0.1999992972676864,美贷网
0.199999271158822,紫枫信贷
0.19996223427879162,合盈网贷
0.19995406468515284,可信贷
0.19987170376116406,商易贷
0.19981582534965128,正能贷
0.19929872997822237,钱来网
0.19912278801202773,坤润财富
0.19856892814859747,联众贷
0.1972168031334877,官银储
0.19695023058503863,广裕贷
0.19686924293637276,潮深E融
0.19644602090120317,富润金融
0.195873748511076,净净贷
0.19552791715085038,沃时贷
0.19536961782682918,创融在线
0.19449959538935196,易网贷
0.19445322574211601,信客网
0.1943028254918754,名启财富
0.19429907798767088,亚太投资
0.1938997889437133,15贷
0.19388468824326993,盈赢贷
0.1937120292633772,财富天下
0.19345015287399292,融信贷
0.19299182966249645,阳光贷
0.1926158487796783,中亿资本
0.19256989881396297,网银贷
0.19250676333904262,苗木之家
0.1921482020616531,巨石财富
0.19207395091652874,易久贷
0.1918899916112423,爱投金融
0.19183234721422196,实名贷
0.1914166197180748,知财网
0.1913654996305704,优信贷
0.19123059660196304,广安宏润
0.19122538704350592,长久贷
0.19120542652525477,世宇财富
0.1907938955187797,稳贷网
0.190542621165514,好时代
0.19038855450254633,金e贷
0.19026334956288335,渝易贷
0.1900053953064664,丁丁贷
0.18998826340852243,呱呱贷
0.18995968808536415,e生财富
0.18980962261557582,天顺祥信贷
0.18956751108169556,如德易拍贷
0.18951948806643487,安盈贷
0.1894900329317898,众信易贷
0.18931607397347686,乐居财富
0.1885509576601908,易安贷
0.18839992700399677,通融易贷
0.1882363484054804,微投网
0.18785985708236697,永利财富
0.18769604690372943,周转贷
0.18764656494697557,点点财富
0.18677500076293946,沃信财富
0.18671591234207152,车行贷
0.18669655052484013,爱上理财
0.1864401608705521,帮侬贷
0.18546018163859843,互联贷
0.18513926561083646,金源贷
0.1841939698025584,万泽财富
0.18399076365111977,友贷网
0.18359999997769524,利聚网
0.18341077124378646,星月创投
0.18334584682993588,生活贷
0.18328726169653237,联众在线
0.18320899128913878,斗金贷
0.18265744462013245,徽嘉金融
0.1821384236961603,满地易贷
0.18189989858827588,慧财网
0.18184786060303448,温易贷
0.1817358625451452,易融恒信
0.1816744220669381,沪商财富
0.1814185169301345,易融贷
0.18087265087198465,票号网
0.180778544377652,益投网贷
0.18011099139928122,资本在线
0.17999999999992167,爱投网
0.1799998267510546,淘贷宝
0.17999498094224692,宜聚网
0.17999427429051135,财加
0.1799563221540302,恒丰财富
0.17994058004405816,旭日贷
0.1799393309728475,钱贷贷
0.1799379068036797,速可贷
0.17993281504896003,万通财富
0.17988751336117279,铭胜投资
0.17988746688351964,中融财富
0.17973076537018642,小微易贷
0.1796224228385836,乐信
0.17953912286197302,飞速贷
0.17948544724378734,苏聚创投
0.17937015219591562,融佳易贷
0.17933802008628846,宏高财富
0.17923911849036814,钱掌柜
0.17900073404237632,武汉贷
0.1789999999988517,贷帮
0.17899999997648844,融贷通赢
0.17892526382580395,好收益
0.17870445960201323,盈天下
0.17840618401765826,中祥金融
0.1784002969460562,渣丰投资
0.17838517053052785,投融贷
0.17809426843873224,鄂汇金融
0.1778113207966089,理财邦
0.17777995370328425,生财有道
0.17770536482334137,诚鑫易通
0.17766816431209442,良信财富
0.17761451940983533,迅贷网
0.1776072802953422,九问贷
0.17726018769666557,联保投资网
0.17716919291764494,大印财富通
0.17678705558180813,融资谷
0.17668969910591836,益合贷
0.1765040040761232,富壹代
0.1764956962689757,首机贷
0.17647636760026214,红云创投
0.1763967964053154,福鑫e融
0.1763901915773749,克克贷
0.17625698752701285,互助贷
0.17623657409101726,金池e贷
0.17623470827937124,1688易贷
0.17619956907144008,钱贷网
0.17615120551921426,艺融网
0.17595803271979094,信易安
0.17577997528016567,海西贷
0.17573248140513897,合贷网
0.1755650606006384,丰盛金
0.17545639276504515,快融在线
0.17534934930503368,利丰网
0.17517553076148032,生金所
0.1751051013171673,有益贷
0.1750208105519414,金合社
0.17499629964559066,在线贷
0.17461297195404768,1119贷
0.17449468065798285,鸿森财富
0.174396481141448,汇商贷
0.17438122317194937,润恒贷
0.1743166371434927,电商贷
0.17405741678178313,金诺鼎
0.174054187014699,迈信金融
0.17384442418813706,利多财富
0.17379672039449215,安捷财富
0.17368377797305584,财富加油站
0.17355044323951005,V5金融
0.17342354455022144,熊猫贷
0.17324769198894502,昊华财富
0.17323965042829514,贷信通
0.17287680208683015,网信财富
0.17258211627602577,点点理财
0.17193444216635542,佰易贷
0.17182367956638336,一家人财富
0.17176319062709808,恒安财富钱多多
0.17148356588743627,帮友贷
0.17136730626225474,易众网
0.17101225331425668,红兆资本
0.17096228264272212,奔宝贷
0.1708718333244324,投复利
0.1704412651024759,汇丰贷
0.1702983380624315,瑞银创投
0.17019994590756393,四达投资
0.16979410262545566,好车贷
0.16935704156830908,徽商贷
0.1692298277979717,汇贷天下
0.16884715345092116,中国融信贷
0.16822290718727748,排队金融
0.16793208023649642,豫商贷
0.16758748238347468,360金融
0.16679999995430278,畅贷网
0.166717910438776,财金所
0.16671644784510137,中乾在线
0.16645036840054672,后河财富
0.1663802664577961,存钱罐
0.16634740396248524,真鑫贷
0.16634250789880753,泽业财富
0.16627072981070085,皖都金融
0.16606873908042905,创世介贷
0.16599932567889664,煜达投资城
0.1659875293849036,收获宝
0.1658962824940681,绿谷贷融资
0.165805122256279,掮客贷
0.16546672001481053,小熊在线
0.16537708461284636,融邦网
0.16524042069911954,五A贷
0.16512381093956066,财大狮
0.16481781050562855,双富贷
0.16458778560161594,钱富通
0.16456877410411838,网信贷
0.1643084298927337,金口袋
0.1642966122063808,金钥匙网贷
0.1640833616256714,亿信天合
0.1640626195371151,拓宏理财
0.1640417267382145,E借通
0.16402417302131653,亿人惠富
0.16401458930969237,贷贷巴
0.163996429099825,集优贷
0.16391458690166474,大众金融
0.16384715393185614,盈联网
0.1636562669698149,安星财富网
0.16332805736223235,鼎信贷
0.16320158511400223,可投可贷（鲁）
0.16300669723190367,宗亲贷
0.1629883736371994,桔子金融
0.1625360794365406,创赢易贷
0.16249971569950217,三信贷
0.16172942385077477,钱贷子金融
0.16162703962996602,速车贷
0.16153489127755166,好融贷
0.16107771277427674,中联贷
0.16101810604333877,钱窝窝
0.1603635673105717,钱盆网
0.16035072952508928,口贷网
0.16033105656504631,不差钱
0.16027643367648126,车贷汇
0.160198602562568,晋商贷
0.16015142527520657,微众筹
0.1598369335383177,迷你贷
0.15979999985264975,民民贷
0.15935713209211827,喜来贷
0.15909984696281113,信融财富
0.15905955433845517,仁和融兴
0.15904779016971587,鼎鑫财富
0.15895172521471979,他项车贷
0.1589449167251587,天玑汇富
0.1586995222661987,开心贷
0.15861647635698317,浙商e贷
0.15838539317250253,金榜财富
0.15837157595157625,银嘉在线
0.15831419035810976,速贷融创
0.1582863850593567,创新众投
0.15801124279461803,果树财富
0.15799848154969515,惠车贷
0.15790628901741,辽商贷
0.15782396748661998,快快贷
0.15781447187066078,阳光e贷
0.15774846917370447,Hi投吧
0.15749483099491046,雪山贷
0.15739935271634514,惠众金融
0.1568949512824416,图腾贷
0.15669810305689252,满满贷
0.15655717343091965,美好时贷
0.15652258545160294,厦信贷
0.15648287564516067,鄂商贷
0.15636784642934798,壹理财
0.15633582651615144,钱一百
0.15624207162857057,唐人贷
0.15589951843023303,益民宝
0.15579355265898628,新融网
0.155696329170838,城商行
0.1555849054455757,贷未来
0.15549473106861114,永顺贷
0.15531184375286103,百顺贷
0.1551208199651213,立业贷
0.1550686177611351,贷发发
0.1550355669558048,小微时贷
0.15502442121505738,金华财富
0.1548891395330429,九一贷
0.15484792175586334,人安资本
0.1543912616092712,科煌财富
0.15435438096523282,恒富在线
0.15430814921855926,潜隆贷
0.15422963226512074,信通袋
0.1541488004568033,e人e贷
0.15391313284635544,银点财富
0.15386590061187744,久信e贷
0.15339757800102233,彩云金融
0.15320924609899522,心意贷
0.15311587750911712,薛国创投
0.15283567476272583,百川创投
0.15248902701213957,小微金融
0.1522545647621155,赢贷通
0.1520935007929802,鑫华士
0.15192767679691316,80资本
0.15187632746247545,玖融网
0.15174432921409609,德利贷
0.15167401671409608,懒虫网
0.15147238701581955,家园贷
0.1513126939535141,天瑞小小贷
0.15125721484422683,生意贷
0.15120046436786652,天昊财富
0.1510778535783291,博拓创投
0.15076249837875366,微易贷
0.15062048497810612,合时代
0.15059281033445152,我企贷
0.15046130150556564,银畅金融
0.15007249712944032,齐鲁恒信贷
0.15001225769519805,九能金融
0.14999547170655203,乐融巴巴
0.14999513223374378,融易投
0.149990314245224,大志成
0.14996667830273508,联合贷
0.1499452140124049,国诚金融
0.14986756563186646,吉贷网
0.14986487861315256,湖湘贷
0.1498488919227384,中宝财富
0.14979961872100833,沃资本
0.14979299273109065,润锦众成
0.1497398167848587,易天贷
0.14967521375510842,联豪创投
0.14962449835482988,花果金融
0.14956080336123706,袋袋金
0.14951788812875746,利人金融
0.1494494193792343,放心e贷
0.1493794271349907,富春贷
0.1493588446173817,月月贷
0.1493066523532616,利好贷
0.1492922455072403,富轩投资
0.14921872781318377,礼德财富
0.14895911174691281,汇投资
0.14895167970098558,众人贷
0.14890957653522494,蜜蜂兵团
0.14879716247320174,万绿创投
0.14874109942093494,多多智富
0.14865374271757903,宜投通
0.1483862749300897,国控小微
0.1483619405888021,好又贷
0.1483255319165764,粤商贷
0.14819524359670905,广信贷
0.14807961523532867,币胜贷
0.14798831292428077,担宝投
0.14774336338043212,钱盒子
0.14757254093885422,众联财富
0.14742265939712523,亿贷网
0.14733289217948914,微车融
0.14729156540706753,星投资
0.14704721856862307,响當當
0.1468924677930772,自由财富
0.14655007235705853,钱途贷
0.14608933146056444,金海贷
0.14579768776893615,成峰创投
0.14578866833001375,易贷在线
0.14574893574416636,中兴财富
0.1455762847401202,拓道金服
0.1452826162800193,盼贷网
0.1452794462442398,优微贷
0.14509325207769874,小富金融
0.14499589229327284,酷贷网
0.14493620469965973,人文贷
0.14491651207208633,徽州贷
0.14469999999908448,融金所
0.1445703613758087,嘉嘉易贷
0.14437305629253389,e快钱
0.14436818659305573,荔园银河系
0.14398470818996428,芝麻开门
0.14397468655603007,普资华企
0.14386428985744718,安信聚贷
0.14381738416850567,虹银财富
0.14371590167284012,盛开网
0.14369822889505884,乐投贷
0.14366446640342473,信用本
0.14354165255650875,同城人人贷
0.14343038778752087,丰收贷
0.14338403606414796,和缘融贷
0.14331038016825914,睿信财富
0.14329368844628335,金钱窝
0.1429989829659462,52金融
0.14237849682569503,金易融
0.1423374047279358,鼎天贷
0.14233089699447155,两只老虎
0.14227677136659625,京金联
0.14203005502801389,互融宝
0.14199927529222806,信互贷
0.14198431310521845,贷贷网
0.14189385116100314,中e财富
0.14171683877706528,金承易通
0.14167866390198466,当当贷
0.14164119958877563,金联投资
0.14148993417620656,方便贷
0.141447713971138,发发金融
0.1413212701678276,进弘创利
0.1412309160232544,中鼎在线
0.14118320256471634,信广立诚贷
0.14099999999382315,e速贷
0.14080183804035187,方凯财富
0.14080143785476687,富裕财富
0.14071732968091966,汇南创投 
0.1406715290620923,坤玺金融
0.14064901319146159,量子金融
0.14064395459415388,方橙式
0.14059214070439338,用心贷
0.1403022176027298,蜀丰财富
0.1402992296218872,明银贷
0.14022405534982682,智富圈
0.14020215198397637,飞鱼贷
0.14010954648256302,信他贷
0.14010128796100615,广惠人
0.14002804420888423,百合贷
0.14000204622745513,钱好贷
0.13999956614341047,云贷网
0.13999939226356217,互利网龙宝宝
0.13997518557909644,铂利亚
0.13985047221183777,创安财富
0.13979977816343309,信义天下
0.13977282874519006,奇子贷
0.13974921852350236,迅拓创投
0.13974522471427916,千和投
0.13973618603311477,前金所
0.13950282968580724,鑫悦贷
0.13922706246376038,潞商e贷
0.13918949246406556,财富500
0.1391653728936799,众金在线
0.13902053294132932,商富贷
0.1389131583273411,西域财富
0.13889897218644617,领投羊
0.13874792228788138,金桥梁
0.13856616782024503,鑫天下财富
0.1384302514605224,易街金融
0.1383112996816635,善贷
0.13820154257118702,圆梦易贷
0.13818549908697603,招财网
0.13813893450424078,鲁班贷
0.13801041394472124,华汇财富
0.13796598315238953,仓储贷
0.13795992821455003,渤海创投
0.13791532667353748,采壳365
0.1378357520699501,小石头金融
0.13783256828784943,投融无忧
0.13774031661450864,实在贷
0.1376089283823967,58车贷
0.13757227334193886,聚财宝
0.13753663070104083,钱多多
0.13722142092883588,担保贷
0.13721501648426057,日融财富
0.13719196183085441,百融网
0.13711170852184296,保澜贷
0.1371009823679924,大鑫富帮
0.13698210429400207,信任时贷
0.13697730839252473,惠民财富
0.1369375121416524,中益信金融
0.1368987813591957,91快车
0.13689381122589112,融金桥
0.13682449888503181,河马在线
0.1368065991997719,天立鸿
0.13649996859426364,工商贷
0.13640589732676742,玖玖金融
0.1364030582709238,汇投网
0.13623929560258985,融资易
0.1361322820186615,飞融网
0.13602835357189177,智联财富
0.1359368182718754,龍亿贷
0.13584665298461915,猪宝宝
0.13584571123123168,家宝贷
0.13580257326364517,赶贷网
0.13571349307894706,兢业贷
0.13568042516708373,天天投
0.13558271087427276,和信贷
0.13548487050831318,财源网
0.1354847717285156,金麦金融
0.13529999995858477,汇通易贷
0.13524457991123198,宜联易贷
0.1351248279929161,皖乾商贷
0.13512239456176758,中天易贷
0.13508099794387818,好时代(京)
0.13503788888454438,唯信贷
0.1349944896674424,宁创贷
0.1349898409594971,日益网
0.13489903973042966,好管家金融
0.13480525575578212,得利宝
0.1347999999994002,证大e贷
0.13479229986667632,懒财网
0.13477759547531604,金陵e贷
0.13473945438861848,金晟创投
0.13469448388862112,招商贷
0.13463978357613088,金砖联合
0.1344313770532608,睿信贷
0.134416048983112,诚壹贷
0.13431028984487056,机智投
0.13420456945896148,广州贷
0.13418655946850777,合富吧
0.13400311432778836,投资啦
0.13399999999852516,365易贷
0.13395854115486144,敬友财富
0.13388664722442628,爱增宝
0.13366491466760633,惠人贷
0.1335705062404275,迅泊达
0.13351457118988036,创绩宝
0.13334227298554033,互贷网
0.13331455305218698,乐驰金服
0.133251492112875,德铢财富
0.1332183950368315,惠农时贷
0.13316924683749679,轩鸿在线
0.1331691138446331,汇金丰
0.13309165564365685,爱钱进
0.1328277862071991,红牛贷
0.13260236978530884,粤易贷
0.13259681314229965,合拍贷
0.1325464128702879,利民网
0.1325443974673748,中融投
0.13254438326954843,米缸金融
0.1325336495223455,微金在线
0.1324868073703721,融金宝
0.13247638270258905,中信e贷
0.1324722808599472,分钱网
0.13246664822101592,广发金融
0.13246048761606216,钱途在线
0.13241802036762237,中国钱庄
0.13241564780473708,智融会
0.13227295517921447,稳盈贷
0.13220983408391476,我投点
0.13196668401360512,中银汇通
0.13195931555964052,印子坊
0.1318882179260254,融途e贷
0.1317765998840332,富民投资网
0.13176730535924436,安企金融
0.13164478540420532,帝天财富
0.1316307631209493,360贷贷网
0.13158969172817014,广富宝
0.13098496547341348,橙旗贷
0.13082657307386397,深速贷
0.13072777185738085,融之家
0.13067681550979615,富通财富
0.1306485962867737,财富观
0.1304175853729248,诚信万通
0.13031300420351327,私房钱
0.13023420095443725,中储贷
0.13019902075265016,合力贷
0.1301062699779868,19贷
0.13005304421754554,聚投融
0.1300284445285797,富民网贷
0.13001403734087943,财富钥匙
0.13000127137724776,融通资产
0.12999983111671098,融信网
0.12999407351016998,优企贷
0.12994513739919056,华舵金服
0.12971006691455841,申融财富
0.12968686580657957,强强财富
0.12965520006716252,君融贷
0.1294400703907013,慈E贷
0.12942476822063326,小龟在线
0.1293807828426361,丰收贷理财
0.12934898138046264,财道金融
0.1292939329147339,融裕贷
0.129258830845356,众易贷
0.12916929498910903,隆泰贷
0.12909999997368257,合拍在线
0.12908061742782592,雪莲借贷
0.12898234128952027,冀金宝
0.12896146549731494,小鹅网
0.12891691410541534,沄银宝
0.12889362877607347,恒大财富
0.12878556931838392,招宝万金
0.128671597763896,闪电金融
0.12860145090669392,今时贷
0.12857160404324533,金投资
0.12852131724357604,富桥金融
0.12842448337501847,融投贷
0.12816436886787413,百年贷
0.12795995533093812,有人贷
0.12784670412540436,袋鼠妈妈
0.127823183041811,中金贷
0.1277904665699898,宝点网
0.127765776515007,臻鑫创投
0.12771886914968492,慧源融投
0.12761922428384423,迅融贷
0.12755810469388962,小白菜理财
0.12753381907939912,蚂蚁兄弟
0.12753247261047362,鑫金所
0.12749928463944799,爱贷网
0.12748975917324423,聚金资本
0.12745935436338188,穗金所
0.12739405009895566,顺顺贷
0.12721127121448517,优聚投
0.1270966848731041,贷贷平安
0.1270693302154541,360迪迪贷
0.1270466011762619,银鑫源
0.12694448947906495,宜倡财富
0.12678455114364623,互融城
0.1267455017566681,皖江贷
0.12673729044198986,企易贷
0.1266343875601888,典金所
0.12651998698711395,全民通金融
0.12642548158764838,财路通
0.1263907748808735,温商贷
0.12637235498428345,聚福鑫
0.12636635541915894,首贷通
0.12631414103507996,易友贷
0.12629004311561587,宁商e贷
0.12612883025407792,助赢普惠
0.12611391127109528,龙腾财富
0.12610661582350732,万利泓通
0.1260532657802105,爱财在线
0.1256952702999115,速银E贷
0.12563450396060943,昌晟易贷
0.12560304134488104,五岳贷
0.12537530511617662,汇德行
0.12537267446517944,银信贷
0.12529999999658364,团贷网
0.1252460065484047,华策在线
0.12520974129438403,飞特金融
0.12518697291612624,堆金网
0.12514592498540877,贝贝投
0.12499431133270264,商汇财富
0.1249934930665404,信诚贷
0.12482061386108398,通金贷
0.1246426200377755,一一贷
0.1245750880241394,三农资本
0.12455589652061462,嘉润财富
0.12452680349349976,聚融汇
0.1245210063457489,兴玉融通
0.12449507005512712,千店贷
0.12447444677352905,投宝金融
0.12441998958587647,致盈贷
0.12432978227734566,众可贷
0.1243290430866182,玖富理财
0.12419999167808174,人人聚财
0.12404242515563962,资生管家
0.12403402520120144,资易贷
0.12398274660110474,钱增增
0.12393421411514283,天天赢
0.12392088890075684,微贷在线
0.12382066994905472,钱趣多
0.12370219230651855,永贷宝
0.12362217495590448,启道金融
0.1236087228924036,广州e贷
0.12345946788787841,鑫贷天下
0.12325283493846653,去投网
0.12312361136078832,乐投壹佰
0.12303237323751674,汇盈金服
0.12302362449411303,抱财网
0.12292377769947052,京都贷
0.12289999999368495,安心贷
0.12289005421941328,小牛在线
0.12287873029708862,汇金宝
0.12286157112568617,校园贷
0.12268898148089648,投贷宝
0.1221868896484375,倍多金
0.1220249319076538,汇金益
0.12195789315337315,普天贷
0.12173642005249859,达人贷
0.12167819738388061,融e365
0.12157399249076845,百泉贷
0.1214383970350027,国富通
0.12142390832304954,乾包
0.12133801014348865,e微贷
0.12117782638072967,城城理财
0.12108372904360293,明贷网
0.12104309118166565,黄河金融
0.12076470763189719,融众财富
0.12071592807769775,东起投资
0.12069999690170974,你我贷
0.12068569977246227,珠宝贷
0.1203536581993103,轩辕财富
0.12030670040845871,69贷
0.12029843106865883,车能贷
0.12029295095801354,前海广深发
0.12026758566498756,众合投资
0.12024672667384147,车富88
0.12019041299819946,中融易联
0.11999894655673415,开开贷
0.11996465517804024,金牛在线
0.11985698282718658,粒子财富
0.11980656832456588,喜投网
0.11975633525289595,银豆网
0.11965690934658049,爱互融
0.11948249388411641,逍遥贷
0.11938844919204712,币丰所
0.11934016036987305,亿钱贷
0.11926432095556522,超爱财
0.11922777070999144,金牌理财
0.11919439613819122,蓝融汇
0.11911323308944702,奕盈贷
0.11899401695973573,好帮贷
0.11893415015190839,京城贷
0.11889176309108734,民商理财
0.11886836349964142,荷银商务
0.11879987342553014,诺诺镑客
0.11876443293672055,小米贷
0.11874891936779022,亿诺信投
0.1186999999994064,宜人贷
0.11866960108280182,如丰电子财富
0.1185995977625251,小猪罐子
0.11853853323161602,恒利网
0.11844259221106766,简单理财网
0.1183948865532875,大唐e贷
0.11838137626647949,沃联财富
0.11836753246039151,百金贷
0.1183035826086998,利融网
0.11822807416319847,沪商在线
0.11821117848157883,贷先生
0.11816846407949923,聚诚贷
0.11810465678572654,利往行
0.11804944753646851,金果财富
0.11801657527685165,51帮你
0.11800980851054192,存钱网
0.11800129413604735,汉沃财富
0.11799042597413063,祺天优贷
0.1179789713770151,易多财富
0.11773236751556397,邦邦贷
0.1175747287273407,拾贝理财
0.11751677691936493,元宝365
0.11750861354470253,可乐贷
0.11747953444719314,小麦创投
0.11747781068086623,真理财
0.11740658953785896,中唐财富
0.11733861011266708,三益宝
0.11733303427696228,宜佳财富
0.11723200455307961,微信贷
0.11721438691020011,放心贷
0.11715262234210969,飞阳易贷
0.11706367939710617,全球贷（皖）
0.11699623065080957,爱投资
0.1169010043144226,优财树
0.11680233335494997,融和贷
0.11678788214921951,房司令
0.11676049768924714,小优贷
0.11665522903203965,安平贷
0.11663639545440674,巽邦资产
0.1165177023410797,徽商金融
0.11644351780414582,建工E贷
0.11627067089080809,达飞贷
0.11619887039065362,金易贷
0.1161904464662075,乐钱 
0.11614237064123153,本地贷
0.1159493637084961,爱投点
0.11594150491580364,塞上贷
0.11588072299957275,壹金所
0.11578407526016235,华夏银泰
0.11567609361000358,浙昌贷
0.11555525076389311,元贷通
0.1154463368654251,溢诚金融
0.1153609037399292,建辉贷
0.11530718922615052,中纳资本
0.1151356828212738,信投在线
0.11504051864147186,四联信投
0.11501918658614159,环鑫金融
0.11495342776179314,马尚贷
0.11489246785640717,好利网
0.1147509200870991,平安理财网
0.11466157883405685,银达金融
0.1146231637710007,壹心贷
0.11450870409607887,药业贷
0.11449744138662753,万家兄弟
0.11445456594228745,点滴聚
0.11439738899469376,安穗金融
0.11436233595013619,众融投
0.1142944224178791,有友金融
0.11426596507430074,众投未来
0.11420708168912679,银湖网
0.11417915895581246,爱利是
0.1140487664937973,东方车贷
0.11402340352535248,联鑫贷
0.11401251372140832,阿朋贷
0.11395621597766875,握握贷
0.11386554166674615,钱在线
0.11382983296662569,178网贷
0.11380960822105407,借贷之家
0.11368310943245888,钱市网 
0.11364165544509888,贷金所
0.1134003259241581,潮人贷
0.1133448475599289,坤一金融
0.11332896932959555,宜保通贷
0.11319920293986797,民贷网
0.11319046318531037,新纪元财富
0.1131823427312076,易人贷
0.1131782310962677,新富金融
0.11315707638859748,易利贷
0.11315209150314331,湛卢宝
0.1131355494260788,互助金服
0.11309934183955192,恒瑞财富网
0.11309506416320801,瀚翔e家
0.11305998712778091,惠宜投资
0.11300434470176697,华涌贷
0.11298511102795601,德信贷
0.11295841857790948,深金在线
0.11285635748505593,融商贷
0.11283919040858746,芝麻金融
0.11281084395647051,腾邦创投
0.11275970185704061,信用宝
0.11270555804818869,聚融在线
0.11260318994522095,可投可贷
0.11247125744819642,同城投
0.11245740115642548,全通贷
0.11239620074629783,利他人
0.1121962308883667,老友贷
0.11206131141185759,壹宝贷
0.11202920943498612,钱途无忧
0.11191754221916199,壹方壹贷
0.11184516322957352,理想宝
0.11183844768404962,利巨人
0.1118382292985916,夏日贷
0.11179613023996353,人人商贷
0.1117084009998478,短融网
0.11152827162146568,润源财富
0.11150171741843223,银港在线
0.11148410260677338,金帝财富
0.11148336350917816,和贵网
0.11138728022575378,众润金融
0.1113807079195976,贷贷通
0.11098110735416412,网投网
0.11096432268619537,互利贷
0.11088039975166321,诚投在线
0.11080286800861358,道口金融网
0.11069468483328819,金瑞龙
0.11053448770309332,微金所
0.11052405036762356,168理财网
0.11046516925096511,车来贷
0.11042693674564362,信贷通
0.11039614677429199,柳e贷
0.1103361576795578,千金e诺
0.1102472099661827,酷融贷
0.10989673804072664,欣欣贷
0.10973858423171333,地标金融
0.10962925180792808,新财富365
0.109623152166605,指南针
0.1095066851377487,信贷宝
0.10948705404996872,公明贷
0.10945500880479812,企额贷
0.10935864062607288,提钱网
0.10933384716510773,人人富
0.10930223353207111,中贝金融
0.10928002886474132,实实贷
0.10927862763404846,钱程在线
0.10926959872245788,红顶金融
0.10925481478217987,大同行
0.10921152511239052,黔商贷
0.10913673520088196,51如易贷
0.10909027934074401,金蟾在线
0.10898718863725662,大国贷
0.10892392337322235,融合天下
0.10887679550647736,格林易贷
0.1087676891684532,悦投融
0.10869987845420838,优车融
0.1086698562204838,喔喔贷
0.10866125994622708,爱钱帮
0.10861600875854492,深佰信
0.10819999999991561,人人贷
0.10798858451843263,惠信贷
0.10781420588493347,爱口袋
0.10766500174999237,鑫茂创投
0.10758343249559403,银亿通网贷
0.10757609650492668,新金所
0.10741743445396423,借贷云盘
0.107388836145401,贷动中国
0.10725279897451401,徽鑫所
0.10723206520080567,积财99
0.10718893261402845,如意财富
0.10717512905597687,住永金融
0.10713462990522386,趣钱
0.10710571110248565,鼓腰包
0.10708889544010163,钱庄网
0.10706101211905478,钱道网
0.10695044964551925,全球贷
0.10687641501426696,小丫P2P
0.10682158648967743,桔子理财
0.10680248835347593,众信金融(京)
0.10679591953754425,车融资
0.10669289772510529,产融贷
0.10660462711751462,丰汇金融
0.10660285502672195,和润网
0.10649217359836984,钱爸爸
0.10638072341680527,银佰汇
0.10625803291797638,乐投创富
0.10605784616321326,宏鑫宝
0.10597449183166027,东泽财富
0.10595685585802421,龙贷
0.10594400525093078,银通泰
0.10588634759187698,中银号
0.10586460113525391,大丰收金融
0.10573507189750671,金花顺金融网
0.10572805255651474,66财富
0.10570048838853836,点金融
0.10559718870669604,汇理财
0.1051457840420306,钱吧
0.10499916423748801,投哪网
0.10498425900936127,财猫网
0.10491697669029236,利盈贷
0.10468466430902482,信投财富
0.10450844317674637,徽金所
0.10439892411231995,盛凯禄财富
0.10433754622936249,易合贷
0.10422937490222978,微贷网
0.10408215751945972,房易贷
0.10402968049049377,现贷网
0.10393422096967697,众贷
0.10362434685230255,前海e贷
0.10348983407020569,淘财网
0.10347226917743681,川信贷
0.10329524874687195,广发财富
0.1032231992483139,投促金融
0.10285403922200204,e租宝
0.10264261815994978,小算盘
0.10254013538360596,微投天下
0.10200597532093525,搜易贷
0.10189084190130232,大麦理财
0.10188149131834506,隆隆网
0.10187652025222778,升值贷
0.10186326414719225,滴滴投资网
0.1017981398820877,新博贷
0.10163087666034698,金道贵网贷
0.10159331049770116,麻袋理财
0.10144156063348055,金柜贷
0.10134430825710297,高安创投
0.10129024922847747,予财网
0.10123896806389093,禾泰财富
0.10123205709457399,理财团
0.1011512216925621,兆鑫财富
0.10108648002296977,新联在线
0.10101459066401584,民信贷
0.1006736008822918,首鸿财富
0.10059268442988395,酷宝盒
0.10041989651918412,步步盈
0.10014953076839447,瑞钱宝
0.10002277851104736,贷贷好
0.10001047211736441,网利宝
0.09997402189725545,乾贷网
0.09996847401780543,联帮财富
0.09996833682060241,六六投资
0.09990284854429773,网信理财
0.09979852437973022,石榴壳
0.09976215451955797,756金融网
0.0996911609172821,钱潮网
0.09966631247848272,易贷网
0.09959897430504533,有利网
0.09959580838680267,微金易贷
0.0995071620646864,永利宝
0.09949799811899811,翼龙贷
0.09945261869260574,付融宝
0.09939999999982009,红岭创投
0.09924934178590775,九州宏瑞
0.09916651300154626,中瑞财富
0.09910955876111985,比亮贷
0.09908432006835938,财富保姆
0.09904680761545898,中金普惠
0.0988650090061128,金谷网盈
0.09878486804664137,联金所
0.09877526521682739,财智魔方
0.09873624630905688,财富中国
0.09869773264825345,乐贷网
0.09859996002912523,安心de利
0.09859614952087431,合盘贷
0.09848071719110012,泰和网
0.09847802683711052,叮当口袋
0.09843592196702958,钱布袋
0.09838643699884414,飞鸟金融
0.09829183498900385,旺财谷
0.09828435578942299,快捷财富
0.09802207668498157,金融工场
0.0979984956026077,58财福
0.09782075937837362,库天下
0.09778796155005692,富田在线
0.09778062924742699,升隆财富
0.0977308538556099,鑫元汇
0.09755675911903382,乾融易贷
0.09754024565219879,成融理财
0.09743626581430435,融贝网
0.09740444142371416,大数云融
0.09740369170904159,发现地
0.09738710403442383,中盛金服
0.09735372909307478,恒易融
0.0973435677587986,阳光易贷
0.09720269858837127,宏泰网
0.09712742834091186,正大财富
0.09706612252593042,秒贷网
0.0970474784374237,种子拼图
0.09695820361375809,万利财富
0.09693766590207817,融益盈
0.09687712132930755,蚂蚁理财
0.0967099928855896,易贷宝
0.09669665518701075,中融宝
0.09641645327210427,微金客
0.09638895034790039,西海诚鑫财富
0.0963813833080232,小油菜
0.09632284641265869,e元贷
0.0963064342737198,小鹅e贷
0.09624519109725953,好收易
0.09612747602042507,向上金服
0.09611190021038056,融金交易
0.09608740925788879,金金宝
0.09595209181308746,宏骏时贷
0.09579657755792141,神州通宝
0.0956089261174202,北方金融网
0.09560283780097961,投牛网
0.09546684443950654,民投金融
0.09545103281736374,增值e
0.09543736835978926,银客网
0.09539659470319747,超钻金融
0.0950939416885376,牡丹财富
0.09508897483348847,日日昌
0.09486657679080963,优投在线
0.09481083989143371,前海红筹
0.09479780316352844,广佛e家
0.09467137098312378,旺宝财富
0.09466020673513413,善行创投
0.09464959949254989,中航生意贷
0.09458067119121552,有米贷
0.09457970559597015,融金汇
0.09446248774956911,九斗鱼
0.09437807684540749,懒猪理财
0.0943641838543117,楚金所
0.09427649490535261,财神在线
0.09422521591186524,红海贷
0.09419890194667278,点融网
0.0941587221622467,玖信贷
0.09410681270062923,第一房贷
0.09405376434326172,长征金融
0.0939568817615509,创利投
0.09392619705200195,99财富
0.09390688061714171,金油所
0.09389593005180359,民泰财富
0.09387025840552524,金信网
0.09377633072398601,天天财富
0.09372281134128571,亦融在线
0.0935404708435759,码头益
0.09347719298005103,梦想盈行
0.09345781981945038,德得宝
0.09341703414916991,股易贷金融网
0.09334938824176789,金融街
0.09328863215446473,合银创投
0.09305939793586732,创联汇通
0.09297705352306367,龙江易贷
0.09293085783720016,豫麟创投
0.09279567360877991,投息宝
0.09264633560180664,邦帮堂
0.0925355726480484,胜源财富
0.09237929359078409,爱达财富
0.09236441016197204,金融聚投
0.09235133975744247,方元在线
0.09215972818136216,德众金融
0.09215878129005431,得融在线
0.09215521421134472,今日捷财
0.09205064939148726,普惠理财
0.0919764779508114,寻钱网
0.09195671081542969,惠龙贷
0.09192869961261749,安盈创富
0.09180950224399567,人人融
0.09179737370461226,博金贷
0.09158843098878862,糖果金融
0.09145696237683296,众利网
0.09135399341583252,爱投投
0.09125911116600034,挖财猫
0.09121212184429169,沃投资
0.09119464251520114,石投金融
0.09118775188922883,吉成贷
0.09116432189941406,中恒宝
0.09111072848439218,盈金所
0.09109766364097595,骑士贷
0.09107858168035746,金联储
0.09099692702293397,网交所
0.09090157002210617,速e贷
0.09083862483501434,向日葵贷
0.09050780296325683,玖盈贷
0.09038830697536468,财玖有财
0.0903419029712677,乐投天下
0.09030245090187528,金开贷
0.09027866899967193,COLA贷
0.09002164900302886,安心金融
0.08990526795387269,多了口贷
0.08985916972160339,前海P2P
0.08982280442956835,拾财贷
0.08971486389636993,惠农宝
0.08967093586921691,赢多多
0.08965743318200112,第一理财
0.08963749869726598,信和大金融
0.08928921103477477,汇利通
0.08927311778068542,金硕果
0.08919683337211609,易保利
0.08918196201324463,中金服
0.08918019890785217,启腾财富
0.0891687897127122,汇富宝
0.0890833482007496,鑫合汇
0.08904790386557579,富瑞财富
0.08899052739143372,星理财
0.08893957257270813,财爷爷
0.08888268917798996,上雨创投
0.08887007236480712,淘金家
0.0886857857275754,雍和金融
0.0886516310274601,金戈戈
0.08862981015443802,小微蚌壳
0.08856038559675218,小鸡理财
0.08844688162207603,种钱网
0.08843389448523523,泛湾天域
0.08841324806213378,金柿子
0.08840985894203186,康恒财富
0.08837271809577942,信可贷
0.08824463662691415,口碑贷
0.08811494052410124,盈盈理财
0.08809247732162476,富宏金融
0.08804080842062832,长投在线
0.0877010390966665,集利财富
0.0876973342895508,金汇丰
0.08769074040651322,绿化贷
0.08766950123012066,麦钱网
0.08757826238870621,信德过
0.08722195595502853,钱海湾金融
0.08714296370744705,金二代
0.08711031317710877,古德金融超市
0.08689611330628395,多贷贷
0.08680551812052727,壹文财富
0.08677585244178772,融圆财富
0.0865449571609497,大博鑫财富
0.08652192279696465,智慧树金融
0.08646496921777726,光华财缘网
0.08643463954925538,易九金融
0.08637576252222061,合安易贷
0.08609876275062561,安付贷
0.08591669283807278,第1车贷
0.08577447582632303,可溯贷
0.08576919436454773,微积金
0.0855946370959282,人企贷
0.08547528386116028,浩亚达e金融
0.08545865535736084,红象金融
0.08535407066345214,快时贷
0.08533848881721497,新一贷
0.08519342720508576,E贝贷
0.08517681956291198,大地金融
0.08517383366823196,紫金所
0.08514432229846715,财来网
0.08492921841144563,电网贷
0.08491652727127075,汇纳财富
0.0847803134843707,创益100
0.08461015415191651,泰山宝
0.08428403684496878,拉拉财富
0.08413392305374146,巨涟金融
0.0841061121225357,爱银承
0.08399583603721111,微融网
0.08386401414871215,旺利网
0.08384271396696567,多赢
0.08377999275922775,当贷网
0.08359980233348305,圈圈贷
0.08347229719161987,财富之门
0.0832999999909825,温州贷
0.08321390233933926,华人金融
0.08299767191894354,91旺财
0.08297173231840134,理财屋
0.08269986580534391,新新贷
0.08247030537575485,融通e贷
0.08242500901222229,派财网
0.08184018932282924,金梧桐
0.08183650940656662,优先贷
0.08163833105829545,贷贷兴隆
0.08163264095783233,老账房
0.08148068197220563,添惠贷
0.08131308349967004,融易理财
0.08129999997402525,开鑫贷
0.08119664266705513,众财金桥
0.08099388241767884,合伙人
0.08092150957584382,壹佰金融
0.08089999999360126,PPmoney万惠
0.08087496876716614,医购贷
0.08074055480957032,懒投资
0.08062252640873194,苏融贷
0.08060591518878937,54贷客
0.08058748935163021,钱保姆
0.08055293709039688,聚火投资
0.08049915432929992,融租E投
0.08046678602695465,长安易贷
0.0801507031917572,厚铺街
0.07982389837503436,民强财富
0.07978231787681579,百利市
0.07971477776765823,多美贷
0.0796283557638526,北城贷
0.07959389090538024,金福财富
0.0794496488571167,创具财富
0.07930097132921218,广筹网
0.07922619067132473,鸿学金信
0.07918848752975464,运盈e贷
0.07906017098724842,连资贷
0.07903889536857606,冀贷通
0.07898826785087587,汇付四海
0.0789113349094987,普惠无忧
0.07889999999976557,陆金所
0.07881106528267263,新安左右贷 
0.0786325685178861,88财富网
0.07842395520210267,固金所
0.07805411845445633,信而富
0.07783738017082215,1号钱庄
0.07783162951469422,点滴金融
0.07770631017684936,手投网
0.07770381063222885,芒果金融
0.07764676451683045,投德宝
0.07763905718922615,德成贷
0.07737333154678344,久融金融
0.0772447371482849,薪金融
0.07710484743118286,楚天财富网
0.07701039016246795,春言金融
0.07697056978940964,中东资本
0.07695056051015854,聚众金融
0.07689601331949233,海金所
0.07677512168884278,聚车金融
0.07662821960449219,华银金融
0.07661609530448914,益大家金融
0.07658630311489105,九坤贷
0.0765854084853083,庆协投资
0.07657323002815247,三好贷
0.07652431577444077,博贷网
0.07651833798885345,银票网
0.07650488018989562,建安金融
0.07635554074421524,房金所
0.07633170425891876,文创汇
0.07613660454750061,元鑫贷
0.076107577085495,涛财网
0.07606984810978173,民贷天下
0.07590149790048599,牛牛理财
0.07566946148872375,融资贷
0.07558635304570198,金粮宝
0.07551300287246704,宏伟贷
0.0754594123363495,钱江通
0.07540401965379714,国金宝
0.07534005146026612,金融圈
0.07532942175865173,蚂蚁打的
0.07520117998123169,安鑫金融
0.07498180691763992,积木盒子
0.07485891479998827,易钱票贷
0.07480373978614807,即利网
0.07473344593048097,金票通
0.07464274764955045,生菜金融
0.07464191302657128,财雨网
0.07460778951644897,妙资金融
0.07460477113723755,昂道招财猫
0.07458682537078858,财神驾到
0.07446111970921047,金银猫
0.07443643450587988,金控网贷
0.07415935426950454,万富宝
0.07337271451950073,冰川财富
0.07326986491680146,天池资本
0.07316207139492036,金宝保
0.07314597415924072,保浩财富
0.07280419775247575,聚有财
0.07254396975040436,钱兜金融
0.07232514917850494,胖胖猪
0.07186439987272024,云图资本
0.07184421628713608,火柴头
0.07183673317730425,投米网
0.07178113102912903,奥科创投
0.07153444290161133,宝筹贷
0.07137326526641846,光世界金融
0.0713616806268692,众贷汇
0.07131987690925598,隆筹金融
0.07121153756976127,京金所
0.07109077274799347,优信金融
0.07108498007059097,最易贷
0.0709873902797699,共赢时贷
0.07095483161509036,金发所
0.07078133438825608,中广核富盈
0.07042574286460876,多宝贷
0.07042484469711781,钱景家财猫
0.06997363567352295,黄金街
0.06990236610174179,汇商所金融
0.06960519504547119,乐金所
0.06960404276847838,遇财网
0.06957663595676422,盛世通贷
0.0695757657289505,银瑞贷
0.06955666393041611,e趣钱袋
0.06955313324928285,兴中宝
0.06917479410767556,钱升钱
0.06915882065892219,铜掌柜
0.06906683108210564,一点通
0.06896191716194151,东虹桥金融在线
0.06894991546869278,亿富贷
0.06888677596449852,十六铺金融
0.0688164049744606,隆金宝
0.0686227388381958,e兴金融
0.06861329674720765,利人金融（沪）
0.06842206549644471,百达金融
0.06834204339981079,家合资本
0.06821273750066757,基石在线·网贷
0.06810876834988594,有融网
0.06778631677478553,紫马财行
0.06712096580862999,大拇哥财富
0.06678435624539852,物金所
0.0667244450211525,大王理财
0.06642706692218779,明志在线
0.06634007066488266,协众金融
0.06630350649356842,网筹金融
0.06625665771961212,合信
0.0662302017211914,恒有钱
0.06592361100316048,鹏金所
0.06530538201332092,友金所
0.06506786942481994,安全投
0.06491214036941528,搜贷天下
0.0645553514957428,八戒宝
0.06435330495238303,爱财网
0.06417453050613403,票据客
0.06391445657908917,小赢理财
0.06381293931603431,智富360
0.0637468674182892,鑫隆财富
0.06335426211357116,鉴丰金融
0.06330137780308723,你好贷
0.06323739409446716,蚂蚁白领
0.06318436932563781,监保贷
0.0631062135696411,玄谷金融
0.06298606157302857,励国理财
0.062417937517166136,优选宝
0.062190975522995,中鑫投融
0.06213721036911011,金钥匙钱道
0.06208815336227417,机器人金融
0.06192899011969567,智信创富
0.06180897855758667,通灵创投
0.06156128104329109,麦麦提
0.06138835642933845,丰投网
0.06137351632118225,小小理财
0.06129984632134437,民生转赚
0.06112460419535637,牛牛bank
0.060814671218395226,融诺微贷
0.060507530227303506,果儿金融
0.060271283388137815,新华久久贷
0.06020386219024658,欧亚金融
0.06012195754051208,道口贷
0.06001369059085846,龙商e贷
0.05962916678190231,招金贷
0.05942415833473205,锦绣钱程
0.058997807800769804,平联Bank
0.05870986938476563,徽金猫
0.05849548578262329,钱胖胖
0.05839046537876128,苹果金融
0.05825955390930176,希望金融
0.058063101905584336,易BANK
0.05714388155937195,盛金所
0.05665803194046021,玉器贷
0.056552516222000124,芝麻e贷网
0.05622251749038696,摇财树
0.05586205661296845,金融一号店
0.05581672757863999,搜搜金融网
0.055812344551086426,本利网
0.055603429675102234,东方汇
0.055343642234802246,皮城金融
0.055278255242109296,力帆善融
0.0551437306702137,前海航交所
0.05481244749426842,汇泉贷
0.054699023365974424,金贝艺融
0.054588253498077395,精融汇
0.054577636122703554,金麦子
0.0545740270614624,迅捷贷
0.05435133436024189,杉易贷
0.05345903292298317,全民财富
0.05296912670135498,51信托
0.05291761789917945,轻易贷
0.05166572465896606,汉金所
0.051048660278320314,大米金融
0.050637180447578437,链家理财
0.049149171262979505,小存折
0.049007816469669334,云钱袋
0.04895127272605897,自金所
0.04852887619435787,e路同心
0.04832324981689453,够力金融
0.04749183893203735,阿凡达e贷
0.04728460907936097,盈汇融
0.04728170335292815,鼎诚创投
0.04716495797038078,融星行
0.04651188611984252,蜗牛客
0.04636997118592262,蜂投网
0.04586199760437012,掌中财富
0.045543090999126436,爱财有道
0.04534700926840306,福银票号
0.04421470642089844,A资本
0.04299713938236237,浙金网
0.04285349309444428,蜜蜂融
0.041867393255233774,金砖普惠
0.0410349202156067,阳光金服
0.04040604770183563,能成财富
0.040145748370885845,惠融通
0.039739431738853456,兴泰财富
0.03941192626953125,聚融易贷
0.039319905638694766,一点投
0.03580536246299744,融100
0.035579621434211735,苏富贷
0.03371415364742279,东方金钰
0.0331035131752491,E票宝
0.03236499607563019,景云金融
0.03173603653907776,巢商金融
0.031061786413192752,稳展财富
0.03089585304260254,小猪理财
0.029819705486297608,泰堃财富
0.029172806739807135,博宇金融
0.028820775747299195,平方贷
0.028574087619781495,鼠贷金融
0.0284041714668274,楚财友道
0.027239536046981816,钱香
0.026020288467407227,钱内助
0.02579620957374573,富利网
0.02573692917823792,招财猫理财
0.024131725788116457,牛娃互联网金融
0.02364977288246155,海融易
0.02269401550292969,58money
0.02259631276130676,淘珠网
0.02175011336803436,中海资本
0.020320158004760745,富华金融
0.018131286472082137,1818优本财富
0.017872878313064576,丰益贷
0.017388148784637448,钱来啦
0.01715192198753357,九信金融
0.01643020749092102,超银网贷
0.01518178939819336,致富贷
0.014744062423706055,淘淘金
0.014541249275207519,珠宝盒子
0.014328110218048095,普惠利德
0.013415712118148803,贵州网贷
0.013415057063102724,浙楚金融
0.013312312364578248,添添投
0.012701154053211212,小狗钱钱
0.012044950485229492,云回通宝
0.010871625244617465,储钱罐
0.010624811410903929,善金网
0.009943600356578826,票据贷
0.009743039906024932,福汇财富
0.009399232864379882,宝元贷
0.00939728081226349,乐升易贷
0.009243703746795654,投资吧
0.00919712781906128,爱财狼
0.008795254290103912,富金利
0.008559615612030029,乐乐贷
0.00801706314086914,宏量财富
0.007989923357963563,壹禾贷
0.007914535522460938,医疗贷
0.007541003227233886,信投宝
0.007345178127288818,甜菜金融
0.0072974681854248045,创一贷
0.007232897877693177,宝象金融
0.007063416004180909,利得行
0.007036738395690918,博源e贷
0.006963885402679444,点滴身边
0.00692457127571106,汇钱庄
0.006891024112701417,理财乐
0.00663330316543579,冀鑫财富
0.006503515291213989,聚宝匯
0.006467868089675904,旺财小强
0.006413589370250703,万盈金融
0.006406710147857666,知商金融
0.006209211349487304,钱涌金服
0.006006799936294554,景金贷
0.005903802812099456,利众e贷
0.005831029415130616,喵喵客
0.005805802345275878,小金瓜理财
0.005732885360717774,彩麒麟
0.005683524978160858,鲁金所
0.005610402822494507,紫金贷
0.005412052273750305,资交所
0.004894810914993286,爱本地
0.004764060974121093,皖平财富
0.0047237775325775135,e路财富
0.004607185721397401,锐盈财富
0.004554873704910279,理融宝
0.004525890350341797,一诚一贷
0.004502983093261719,中投融
0.0043889468908309935,金安国有金融
0.004154479503631592,联富金融
0.0035272312164306642,金投手
0.00297414094209671,徽盐金融
0.0028060837090015415,朋友贷
0.002618941068649292,开元理财
0.0025048255920410156,亚丰金融
0.0024664878845214845,诚天财富
0.0024628043174743652,惠金贷
0.0024380922317504884,鄂金所
0.0024151134490966795,盈盈创投
0.0023989498615264887,中业兴融
0.0023304545879364014,众信所
0.0022922444343566888,易港金融
0.0022037220001220707,U车贷
0.002188834547996521,要借钱网
0.002183824777603149,智投贷
0.002171945571899414,巧巧财富
0.002138627052307129,渥金
0.002091604471206665,轻创贷
0.0020408034324645996,银合金融
0.0019174158573150636,海投汇
0.0018085727691650392,悦车贷
0.001786447763442993,通通贷
0.0017513322830200195,信东创赢
0.0017396622896194462,民合贷
0.0016112428903579709,快手理财
0.0015257418155670166,润合金融
0.0014964723587036132,津融贷
0.0014835691452026367,誉金所
0.0014711669087409973,首E家
0.001468629240989685,医融网
0.0014146685600280762,小平贷
0.0014112889766693115,久金所
0.0013918478488922118,友信宝
0.0013846503674983979,浙财理财 
0.0013781619071960446,车邦贷
0.00134319931268692,国民丰泰
0.0013204693794250488,链金所
0.0013129359483718872,微邦金融
0.0012974220514297486,盛世开元
0.0012926101684570313,欧克普惠
0.001260919213294983,中融通贷
0.0012550509989261627,诺米宝
0.0012393951416015624,陇e贷
0.0012289258241653443,车财网
0.0011585170030593873,聚千金融
0.0011545857787132261,安家贷
0.0011466972827911376,易捷贷
0.0011128926277160645,连盈贷
0.0011021186113357546,我要投
0.00108819842338562,好好理财
0.0010753241181373596,京东金融
0.0010627350211143494,鑫融贷
0.0010267885625362394,银巴克
0.0010247349739074707,吉盟财富
0.0010241493582725525,科银信贷
0.0010223507881164551,哈哈金服
0.0010203409194946289,玖鑫汇
0.0010203409194946289,鱼猫金服
0.0009962868690490722,在理财
0.0009804117679595948,智汇贷
0.0009745929837226869,联投金融
0.0008942928314208985,先锋e融
0.0008620945572853088,来财街
0.0008168846368789672,布袋资产
0.0008040493726730346,小鹰速贷
0.0008023089170455933,甬e贷
0.0007925832271575928,金益金服
0.0007643866539001465,车e融
0.0007623159885406495,皓添金融
0.0007360503077507019,四海全球
0.0007312443256378173,襄金所
0.0007177448272705078,利金行
0.0007168426513671876,猴子理财
0.0007074272632598877,一贷添交
0.0006938338279724121,支点金融
0.0006920123100280762,囧羊理财
0.0006843030452728272,钜宝盆
0.0006769609451293946,学信贷
0.0006550252437591553,外星人理财
0.0006532776355743408,合众e贷
0.000646403431892395,A+理财
0.0005536168813705445,介投行
0.0005511249661445617,人众金服
0.0005195837020874023,利魔方
0.0004978008270263672,产融信
0.0004778158664703369,就爱金融网
0.00046199831366538997,千壹理财
0.0004446232318878174,创富部落
0.00043905258178710937,汇票通
0.0004353940486907959,秦沪贷
0.00038826674222946166,金玉普惠
0.0003789210319519043,爱银网
0.00037387371063232424,小马金融
0.00036283206939697265,中润e在线
0.00035537809133529664,点车成金
0.00032601213455200195,东邦易贷
0.00031995534896850586,宝玉金融超市
0.00031937534809112553,美利金融
0.0003138923645019531,联恒金融
0.00031237214803695677,黑豆金服
0.0002913308143615723,倍赢金融
0.00028893351554870605,申金贷
0.0002808570861816406,众储财富
0.0002794564962387085,惠黎金融
0.00027618706226348875,异享金融
0.00026929497718811027,存贷汇
0.0002597129344940185,钱柜理财
0.00025767236948013303,前海双赢
0.0002506477355957031,港信创富
0.00024891972541809084,淦源贷
0.0002408516407012939,中金e贷
0.00023499369621276853,中潮财富
0.00023286581039428712,金府通
0.00022568225860595707,小树时代
0.00022351562976837157,前海领投
0.00022208213806152344,福赢万宝
0.0002193140983581543,冀银理财
0.00021505355834960938,爱贷金服
0.00021315336227416992,你投我融
0.00021103620529174804,e融所
0.00020682859420776366,有车贷
0.00020657628774642945,众力金融
0.0002051055431365967,mM贷
0.00019891555309295655,小诺理财
0.00019850407242774962,财富智汇
0.00019610404968261718,民宝贷
0.0001956939697265625,艺点理财
0.00019566714763641357,融远财富
0.0001953549385070801,妥妥当
0.00019348561763763428,菠萝理财
0.0001934623718261719,千企贷
0.00019252896308898923,钱鼓鼓
0.0001859575510025024,惠恩资本
0.00018571051955223084,海吉星金融网
0.00018424904346466065,有道理财
0.00018381729125976565,房融所
0.00017674684524536128,世富资本
0.00017464935779571534,蜜蜂有钱
0.00017352104187011718,鑫胜贷
0.00017332005500793457,万家贷
0.00017167329788208007,多维度
0.00017113804817199706,通宝金服
0.00017091035842895508,长江创投
0.00016487598419189452,远尚金融
0.00016441380977630618,魔方贷
0.0001629352569580078,锦联财富市场
0.00016217708587646485,甬红财富
0.00016208374500274657,长盈金融
0.00016134381294250486,银象网
0.00016106986999511717,银海颐乐
0.00015670061111450195,财富派 (京)
0.00015659928321838383,聚力金融
0.00015345096588134766,宏祺金融
0.00015244543552398682,隆发金融
0.0001507866382598877,有鱼金服
0.00015019774436950684,民爱贷
0.00014995336532592775,金佰汇金融
0.00014750719070434566,蜂缘财富
0.00014637100696563723,白银巷子
0.00014445453882217408,享福宝
0.00013943910598754883,中仁财富
0.00013744235038757325,中信实力
0.00013676285743713382,大圣理财
0.0001342787742614746,中融钱邦
0.0001248130202293396,中赢投
0.0001247191429138184,农泰金融
0.00012390995025634766,惠众e金
0.00012053757905960086,中金国泰
0.00011761784553527832,亿信宝
0.00011237406730651857,纳泓金服
0.00011172890663146973,悦享金服
0.00011159980297088625,点牛金融
0.0001108264923095703,广电财富
0.0001071491837501526,向右转
0.0001036718487739563,仁我行
9.777337312698364e-05,海汇众筹
9.443342685699465e-05,掌道财富
9.333610534667969e-05,五星财富
9.096086025238037e-05,金蝶金链
8.776283264160157e-05,立马贷
8.645206689834594e-05,金融街在线
8.582472801208497e-05,好利农
7.445096969604492e-05,融头金融
6.679773330688477e-05,缘天金服
5.97873330116272e-05,笑着赚
5.4345130920410156e-05,小资钱包
5.281448364257813e-05,国泰·惠民益贷
5.192488431930543e-05,黄金钱包
5.121618509292602e-05,我家贷
5.052238702774048e-05,华众时贷
3.8469135761260985e-05,87汇财
0.0,贺翔财富 
0.0,泉旺创投
0.0,金德易贷
0.0,合利在线
0.0,东郊财富
0.0,浙江贷
0.0,名宏创投
0.0,汾湖投资
0.0,宝多多
0.0,汇众商贷
0.0,中汇金融
0.0,筷来财
0.0,多彩多乐
0.0,旭鑫投资
0.0,春强财富
0.0,鼎泰益
0.0,帝业投资
0.0,草原理财
0.0,律邦融安
0.0,楚商创投
0.0,亚联贷
0.0,汉泽天下
0.0,创贷网
0.0,众人贷（鲁）
0.0,云商贷
0.0,零薪投资
0.0,速帮经济 
0.0,万鼎投资
0.0,汇凯鑫创投
0.0,合汇富
0.0,华信贷
0.0,微投所
0.0,基鼎贷
0.0,拓达贷
0.0,鸿康创投
0.0,华人贷
0.0,融丰创投
0.0,矩顺财富
0.0,999理财
0.0,珊湖财富
0.0,甬发贷
0.0,里外贷
0.0,华容创投
0.0,浙配资网
0.0,海星宝理财
0.0,华夏银帮
0.0,雅戈创投
0.0,三农金服
0.0,人人爱投
0.0,保全财富
0.0,华商财富
0.0,聚贷网
0.0,美E贷
0.0,方圆财富
0.0,星期八金融
0.0,万佳金融
0.0,叶子金服
0.0,惠仁财富
0.0,天使贷
0.0,天天利
0.0,弘富贷
0.0,瑞通易贷
0.0,携银网
0.0,善德财富
0.0,国汽金融
0.0,财富广域
0.0,鑫汇在线
0.0,三农创投
0.0,满益网
0.0,锐畅易贷
0.0,惠卡贷
0.0,欣旺达财富
0.0,诚信宝
0.0,圣达创投
0.0,OK贷
0.0,皇顺贷
0.0,永信财富
0.0,聚信通
0.0,龙源金融
0.0,华夏信
0.0,心诚创投
0.0,18亮点贷
0.0,鲁润创投
0.0,鼎和贷
0.0,同鑫创投
0.0,明利财富
0.0,四季贷
0.0,福人创投
0.0,甬都贷
0.0,青源贷
0.0,盛世汇盈
0.0,融大在线
0.0,万度财富
0.0,点银网
0.0,稳益贷
0.0,玉丰投资
0.0,国创投资
0.0,众信财富
0.0,连云港e贷
0.0,炜会贷
0.0,至尊宝
0.0,德丰投资
0.0,惠利银通
0.0,万遇金融
0.0,金淮贷
0.0,任我贷
0.0,豫诚财富
0.0,敏迎投资
0.0,人贷贷
0.0,汇富帮
0.0,艺融易
0.0,惠投无忧
0.0,祥富春投资(粤）
0.0,凤城贷
0.0,环球财富
0.0,佰信投
0.0,锐忻投资
0.0,共赢在线
0.0,祥富春投资（沪）
0.0,得易贷
0.0,高效贷
0.0,诺贷投资
0.0,银魅财富
0.0,兴民财富
0.0,鲁滨易投
0.0,金政创投
0.0,闽台贷
0.0,潜力股 
0.0,盛泰投资
0.0,善富资本
0.0,展翔投资
0.0,益宝贷
0.0,安贷创投
0.0,天天理财
0.0,钱客金融
0.0,人人金融
0.0,金兴贷
0.0,有道财富
0.0,亿德汇富
0.0,贷宝宝
0.0,富莱而金融
0.0,万家创投
0.0,星之灵
0.0,海金贷
0.0,启隆信投
0.0,欧亿投资
0.0,微方财富
0.0,北部湾财富
0.0,万晶聚金融
0.0,无棣盛世
0.0,纯嘉投资 
0.0,兴飞财富
0.0,天之浩投资
0.0,招商加盟贷
0.0,双喆投资
0.0,鼎和资本
0.0,亿润贷
0.0,德亨在线
0.0,至鼎财富
0.0,鑫发创投
0.0,御声资本
0.0,押押贷
0.0,冠腾投资
0.0,成融贷
0.0,惠通贷
0.0,盈金创富
0.0,鑫广顺
0.0,德鑫财富
0.0,北京软银赛富
0.0,江淮财富
0.0,金贷子
0.0,乾韵财富
0.0,玖富
0.0,荣京贷
0.0,旭贷网
0.0,中富润德
0.0,妙慈投资
0.0,易起创投
0.0,好借贷
0.0,天基投资
0.0,点道投资
0.0,快可贷
0.0,咱去投 
0.0,太湖金融
0.0,汉腾创投
0.0,益盛财富
0.0,道和创鑫 
0.0,汇诚金服
0.0,孔礼贷 
0.0,璀璨明珠 
0.0,网梦创投
0.0,慧众财富
0.0,财意创投
0.0,华盈金融
0.0,乐城投资
0.0,金畅想
0.0,合筑资本
0.0,文茂创投 
0.0,茂荣投资
0.0,创金财富
0.0,活宝汇
0.0,鑫融城
0.0,酬勤贷
0.0,新乡贷
0.0,广融钱多多
0.0,玺融资本
0.0,小小易贷
0.0,乘10理财
0.0,滴水微贷
0.0,乐饷吧
0.0,九华金融
0.0,沃利资本
0.0,领投鸟理财
0.0,纵横投资
0.0,众融网
0.0,微尘聚金
0.0,新聪理财
0.0,发利网
0.0,壹号金融
0.0,安农e商
0.0,安凰贷
0.0,联帮贷
0.0,温商金融
0.0,天成投资
0.0,汴京财富
0.0,广聚财富
0.0,天达创投
0.0,金财通
0.0,昊良创投
0.0,宏飞创投
0.0,永利财富（安徽）
0.0,e理财
0.0,亿谷财富
0.0,家融合
0.0,易通投资
0.0,如信网
0.0,鼎隆投资
0.0,添亿创投
0.0,中青创投
0.0,亿信金融 
0.0,鸿磊财富
0.0,泯华创投
0.0,万利贷
0.0,帮你贷（皖）
0.0,车妈妈
0.0,万同普惠
0.0,中恒盛业
0.0,一诺创投
0.0,诚贷网
0.0,翼凤贷
0.0,青青贷
0.0,融业网
0.0,创客金融
0.0,冠宇投资
0.0,节节贷
0.0,金泰财富
0.0,人山贷
0.0,国安贷
0.0,起跑线借贷
0.0,满仓赢
0.0,金泰达投资
0.0,祥晨财富
0.0,金升贷
0.0,亚投财富
0.0,大白金融
0.0,晶玉贷
0.0,尚融财富
0.0,融益财富
0.0,信优贷
0.0,御帮贷
0.0,重友财富
0.0,桂融贷
0.0,温心创投
0.0,鸿屹资本
0.0,亿豪通
0.0,美美贷
0.0,爱定投
0.0,广佳贷
0.0,好运财富
0.0,荣钻贷
0.0,汉国钱庄
0.0,小虎金融
0.0,鑫满盈 
0.0,融易贷（豫）
0.0,日金贷
0.0,江南创投
0.0,壹诺理财
0.0,楚盈贷
0.0,宝丰易贷
0.0,贷记宝 
0.0,友信网投
0.0,京商网
0.0,欣鼎贷
0.0,立鼎资本
0.0,浙亚财富
0.0,迅益贷
0.0,舒心贷 
0.0,一辰创投
0.0,德鸿贷
0.0,信丰财富
0.0,金满盆
0.0,小蜜蜂理财 
0.0,朝助创投
0.0,鸢都贷
0.0,金米袋
0.0,众富贷
0.0,农科城网贷
0.0,天晨财富
0.0,D1金融
0.0,云融通
0.0,凯盈财富
0.0,瑞金资本
0.0,恒通金融
0.0,布贷宝宝
0.0,6000贷
0.0,合众融通
0.0,鼎丰投资
0.0,祥仁投资
0.0,高利投资
0.0,益盈投资
0.0,致盛贷
0.0,亚厚财富
0.0,国鼎投融 
0.0,润达贷
0.0,明志财富
0.0,多多理财
0.0,永泰达投资
0.0,盛鑫在线
0.0,股民贷
0.0,仁信贷
0.0,威泰创投
0.0,创鑫贷
0.0,网金宝
0.0,拜腾财富
0.0,助民贷
0.0,德鸿金融
0.0,洪升财富
0.0,恒金贷
0.0,润宏贷
0.0,光大富尊
0.0,金联所
0.0,零一贷
0.0,日升财富
0.0,恒硕金融
0.0,新资本
0.0,久鼎创投
0.0,世联集金
0.0,油财宝 
0.0,益民贷
0.0,伊凡诺投资
0.0,汇投汇贷 
0.0,纳米时贷
0.0,融信中盛 
0.0,多利宝理财（鄂）
0.0,龙腾理财
0.0,检顺财富
0.0,享投网
0.0,中投瑞银投资
0.0,余下钱
0.0,群众贷
0.0,誉信贷
0.0,处州贷
0.0,鑫汇融合
0.0,斯格瑞特投资 
0.0,大大宝
0.0,云鼎汇融
0.0,工程惠贷
0.0,岁意讯
0.0,蔬泽创投
0.0,胜达投资
0.0,国阳财富
0.0,欣融贷
0.0,宝金所（苏）
0.0,慧鸣贷 
0.0,西北贷 
0.0,中青金服
0.0,盛德多投资
0.0,亚盛财富
0.0,粤利通
0.0,华纳汇盈
0.0,融信速贷
0.0,慧眼通贷
0.0,永合贷
0.0,鼎元贷
0.0,时时贷
0.0,永利天成
0.0,尧瑞投资
0.0,荣桓世远
0.0,信邦财富
0.0,龙华贷
0.0,善安合财富
0.0,兴利贷
0.0,安旺P2P
0.0,小袋理财
0.0,建明财富
0.0,金坤投资
0.0,金牛座
0.0,金陵财富
0.0,奇乐融
0.0,汇亿财富
0.0,一本贷
0.0,金点贷
0.0,米兰金融
0.0,盛世财富（鄂）
0.0,聚宝盆
0.0,民大投资
0.0,钱塘人家
0.0,财益创投
0.0,华富信投
0.0,三姐投融
0.0,小微所
0.0,有人投
0.0,佳伦资本
0.0,鼎方投资
0.0,聚宝通
0.0,满堂金
0.0,君茂财富
0.0,聚融贷
0.0,诚铭投资 
0.0,建泰投资
0.0,汉本在线
0.0,爱网贷
0.0,京浙贷
0.0,一诺财富
0.0,昊泽贷
0.0,鼎诚财富
0.0,联创财富
0.0,太阳金服
0.0,华迪易投
0.0,茶金所
0.0,瑞城财富
0.0,昌盛易贷
0.0,泓润恒业
0.0,浙信贷
0.0,贷贷通（蜀）
0.0,通达财富
0.0,华飞资本
0.0,汇金众盈
0.0,美嘉创投
0.0,葫芦金融
0.0,民生投资
0.0,兴盛贷
0.0,温州金融港
0.0,MoneyHome
0.0,房融界
0.0,鼎日投资
0.0,硕宝投资
0.0,新中金财富
0.0,稳稳盈
0.0,宜客贷
0.0,恒丰信投
0.0,金猪儿
0.0,聚金投资
0.0,德信财富
0.0,皓峰财富
0.0,宜信宜投
0.0,琳鹏创投
0.0,玖信理财
0.0,姑苏财富
0.0,标晨投资
0.0,金冠贷
0.0,深港易贷
0.0,瓯江贷
0.0,华东财富
0.0,惠兴通
0.0,全家福
0.0,富城贷
0.0,云腾信
0.0,盛合金融
0.0,徽商财富
0.0,金麒麟
0.0,柚子理财
0.0,牛车在线
0.0,恒融财富
0.0,银银贷
0.0,鼎瑞投资
0.0,汇财宝
0.0,幸福财富
0.0,江腾金融
0.0,南汇财富
0.0,宜众贷
0.0,易贷中国
0.0,微美金融
0.0,粮食贷
0.0,金蛋理财
0.0,新华贷
0.0,多利宝
0.0,万元财富
0.0,柚美理财
0.0,泓然控股
0.0,财蜂发财树
0.0,信贷365
0.0,度尔投资
0.0,携成贷
0.0,宏德创投
0.0,银坊金融
0.0,百财车贷
0.0,宝筹网
0.0,世成贷
0.0,翰爽投资
0.0,雨滴财富
0.0,保本儿
0.0,房车贷
0.0,金蛋e贷
0.0,信达财富
0.0,启迪金
0.0,中融资本
0.0,荣锦创投
0.0,大华财富
0.0,乐贷网（鲁）
0.0,金瑞盈
0.0,燕赵借贷网 
0.0,致雅财富
0.0,聚融投
0.0,贷投乐
0.0,58钱管家
0.0,聚商一百
0.0,港兴投资
0.0,腾略创投
0.0,时时宝
0.0,万晶聚投资
0.0,润通创投
0.0,常盈财富
0.0,金翌豪创投
0.0,宏高资本
0.0,银盛亿达
0.0,召鑫财富
0.0,贵禄财富
0.0,第四市场
0.0,壹唯世创投资 
0.0,九鼎投资（冀）
0.0,众鑫贷
0.0,零花钱
0.0,金裤兜
0.0,普惠贷
0.0,泰麟资本
0.0,融融网
0.0,天玺金融
0.0,新港e贷
0.0,银禾财富
0.0,点点投
0.0,有钱贷
0.0,金蜗牛财富
0.0,国临创投
0.0,汇信财富
0.0,粒粒贷
0.0,合互贷
0.0,锦融运通
0.0,筑梦天使
0.0,中贸易融
0.0,银富汇
0.0,中国二手车
0.0,新沃金融
0.0,融金通
0.0,重庆贷
0.0,中联乐银
0.0,光合种子
0.0,睿逸财富
0.0,圆梦巴巴
0.0,钱趣网
0.0,涌金贷
0.0,盛世创投
0.0,银通贷
0.0,广通贷
0.0,信业财富
0.0,金融社
0.0,通融财富
0.0,望洲易贷
0.0,有钱金融
0.0,邦融理财
0.0,积储在线
0.0,小梦想
0.0,浙江商贷
0.0,网赢天下
0.0,不倒翁贷
0.0,徽融通
0.0,平平贷
0.0,欧拉宝
0.0,幸福e贷
0.0,互帮贷
0.0,百事得财富
0.0,好借好还
0.0,华夏商贷
0.0,财火火
0.0,乐贷通
0.0,诚宜创投
0.0,发展投资
0.0,汇易宝
0.0,融邦财富
0.0,金豪利
0.0,联信财富
0.0,融易信
0.0,艺商贷
0.0,小商贷
0.0,和盛在线
0.0,大融小贷
0.0,一起富
0.0,今鑫财富
0.0,融华财富
0.0,宝典创投
0.0,河南贷
0.0,高新盛
0.0,警安财富
0.0,巨牛财富
0.0,国惠金融
0.0,车当铺
0.0,麦粒金融
0.0,晨诺贷
0.0,济赢财富
0.0,红顶财富
0.0,鑫利源
0.0,全诚在线
0.0,鼎力投资网
0.0,木头人
0.0,联正金融
0.0,浦小宝
0.0,中信贷
0.0,好安贷
0.0,好想贷
0.0,365金融
0.0,苏银财富
0.0,非诚勿贷
0.0,易通贷
0.0,e云贷
0.0,凌轩财富
0.0,盛融在线
0.0,江城贷
0.0,莲花财富
0.0,全民贷
0.0,德塞财富
0.0,信邦创投
0.0,宝仕金融
0.0,光大信投
0.0,益得创投
0.0,3a借贷
0.0,鹏城贷
0.0,汇银投资
0.0,都梁创投
0.0,酷跑金融
0.0,城乡贷
0.0,众贷网
0.0,优易贷
0.0,安泰卓越
0.0,淘金贷
0.0,阿拉贷
0.0,金银丰
0.0,民联贷
0.0,信博财富
0.0,中银资本
0.0,富豪创投
0.0,中贷信创
0.0,华生贷
0.0,维沃财富
0.0,聚众贷
0.0,怀民贷
0.0,天标贷
0.0,海发财富
0.0,华悦财富
0.0,广融贷
0.0,高益创投
0.0,佳通创投
0.0,正大金融
0.0,沪发贷
0.0,禾嘉创投
0.0,帮你贷
0.0,融易融
0.0,五洲财富
0.0,恋贷网
0.0,众贷邦
0.0,分分贷
0.0,空中贷
0.0,盈通投资
0.0,华强财富
0.0,力合创投
0.0,蚂蚁贷
0.0,学生借贷网
0.0,鼎力贷
0.0,亿峰借贷
0.0,福祥创投
0.0,福翔创投
0.0,中宝投资
0.0,宜商贷
0.0,银实贷
0.0,东方创投
0.0,万利创投
0.0,立贷网
0.0,天力贷
0.0,黄山资本
0.0,中财在线
0.0,财富园
0.0,钰泰财富
0.0,乐网贷
0.0,保险贷
0.0,乾坤贷
0.0,天使计划
0.0,贝尔创投
0.0,哈哈贷
0.0,及时贷
0.0,给力贷
0.0,徽煌财富
0.0,宝丰创投
0.0,第一账房
0.0,铜都贷
0.0,学好贷
0.0,平海金融
0.0,浙商贷
0.0,通联贷
0.0,银鑫贷
0.0,家家贷
0.0,汇宝信贷
0.0,贤贤贷
0.0,金葫篓
0.0,农商贷
0.0,有存网
0.0,一站贷
0.0,易e贷
0.0,富达亚金融
0.0,金车贷
0.0,骏合金信
0.0,大互联
0.0,大众贷
0.0,ok贷
0.0,聚米立方
0.0,湘信网
0.0,丰银凯利
0.0,瑞信富盈
0.0,房贷通
0.0,信诺宝
0.0,中通国源
0.0,投资无忧
0.0,学富贷
0.0,特易贷
0.0,饭盒金服
0.0,吉信佳
0.0,三分贷
0.0,湘商盟
0.0,梧桐理财
0.0,伯乐易贷
0.0,众信在线
0.0,财富宝投融
0.0,随e贷
0.0,快乐投
0.0,金策通
0.0,合和年在线
0.0,浙江车贷网
0.0,华邦财富
0.0,英邦投资
0.0,共赢社
0.0,钱诚理财
0.0,蓝岸创投
0.0,瑞安贷
0.0,金都e贷
0.0,新易贷
0.0,我借我贷
0.0,安宜投
0.0,奕诚金融
0.0,易简贷
0.0,湘中银联
0.0,亿元宝
0.0,存利网
0.0,及时雨网贷
0.0,云峰理财
0.0,合众贷
0.0,康意和
0.0,君孚财富
0.0,云联贷
0.0,放心投资
0.0,顺e贷
0.0,银米贷
0.0,中金在线
0.0,元宝街
0.0,投乐网
0.0,渝都贷
0.0,投资去
0.0,优旺诺祥
0.0,交融所
0.0,658金融网
0.0,星光财富
0.0,中通融贷
0.0,聚恒贷
0.0,为为贷
0.0,天添钱
0.0,融邦贷
0.0,欢乐贷
0.0,天翼贷
0.0,东领在线
0.0,佳联财富
0.0,民生电商
0.0,互益贷
0.0,优区贷
0.0,信益贷
0.0,宿州易贷
0.0,华融天成
0.0,易诚金融
0.0,汇众贷
0.0,德利汇金
0.0,融交所
0.0,淘收益
0.0,鸿利贷
0.0,汉荣鼎盛
0.0,台商金融
0.0,星时代金融
0.0,德州贷
0.0,友融金融
0.0,和融天下
0.0,聚钱袋
0.0,钱冠人人贷
0.0,卡趣网
0.0,儒商贷
0.0,神州贷
0.0,闲钱宝
0.0,尊荣财富
0.0,旗融网
0.0,投储在线
0.0,南瓜P2P
0.0,农银贷
0.0,融讯网
0.0,贷投帮帮
0.0,汇贷中国
0.0,医界贷
0.0,黔程金融
0.0,共富网
0.0,财佰通
0.0,益邦贷
0.0,中州易贷
0.0,中源资本
0.0,企联融业
0.0,融易贷
0.0,金元开泰
0.0,胖毛在线
0.0,聚散贷
0.0,惠信财富
0.0,基因创投
0.0,快联财富
0.0,抱团贷
0.0,汇瑞财富
0.0,安客创投
0.0,秦皇资本
0.0,天府投资网
0.0,e周行
0.0,中纳联投
0.0,好利贷
0.0,三人贷
0.0,如通金融
0.0,孔方兄理财
0.0,天之源贷
0.0,微通贷
0.0,现佳创富
0.0,北方贷
0.0,财富宝
0.0,中信创投
0.0,钻库网
0.0,洛卡贷
0.0,湘商贷
0.0,世昌金融
0.0,宁安贷
0.0,蜜蜂财富
0.0,弘兴金融
0.0,每天美贷
0.0,金顺创投
0.0,褔易贷
0.0,华东贷
0.0,富通贷
0.0,安易融
0.0,Aoao贷
0.0,行行贷
0.0,优悦贷
0.0,易贷乐投
0.0,讯贷网
0.0,融至鼎
0.0,融盛创投
0.0,拉手贷
0.0,百信财富
0.0,聚宝网
0.0,福易贷
0.0,八陆融通
0.0,宝盖头
0.0,乐投网
0.0,中E邦达
0.0,共信赢
0.0,天天添财
0.0,余额E贷
0.0,正和创投
0.0,开杰圆融网
0.0,天行信
0.0,煜生创投
0.0,海英财富
0.0,钱立方
0.0,学贷网
0.0,月光宝盒
0.0,京贷网
0.0,好乐易贷
0.0,文妥财富
0.0,青蚨在线
0.0,贵福财富
0.0,锋逸信投
0.0,汪达财富
0.0,中安永恒财富
0.0,591车贷
0.0,感投网
0.0,中汇通投资
0.0,吉超贷
0.0,财大户
0.0,百泓财富
0.0,弘桥投资
0.0,中正易贷
0.0,中富国帮
0.0,稳收宝
0.0,永融贷
0.0,鸿利财富
0.0,鑫联创投
0.0,益达易贷
0.0,新锐联
0.0,亿鑫创投
0.0,优利网
0.0,银际财富
0.0,万博基业
0.0,徽通金融
0.0,金屋魔方
0.0,泰信财富
0.0,第三方金融
0.0,进化互联
0.0,诺信创投
0.0,财安贷 
0.0,华源投资 
0.0,卓信财富
0.0,金喜财富
0.0,鑫十贷
0.0,中桂联投资
0.0,丰彩投资 
0.0,去网贷
0.0,中诚财富
0.0,非常有财
0.0,鑫华创投 
0.0,中银投资担保
0.0,宝都e贷
0.0,天利诚投资 
0.0,易融投资
0.0,冠丰投资
0.0,锦慧通
0.0,金鑫创投
0.0,安融网
0.0,富源财富
0.0,德利创投
0.0,金地信投
0.0,融和创鑫
0.0,裕德财富
0.0,金鼎投资
0.0,宏中创投
0.0,运兴嘉筑
0.0,格华财富
0.0,众富随心贷
0.0,众达贷
0.0,中银汇通（粤）
0.0,中融速贷
0.0,中广财富
0.0,智邦创投
0.0,浙融创投
0.0,安心投
0.0,泽鑫宝
0.0,元亨泰富
0.0,煜尊财富
0.0,宇鑫人人贷
0.0,乔赢财富
0.0,中海融通
0.0,英大创投
0.0,元太在线
0.0,坤隆投资
0.0,元一投资
0.0,骏宝威
0.0,中山投资
0.0,微镑客
0.0,壹视财富
0.0,赢城创投
0.0,聚来融
0.0,鲁源金融
0.0,联商贷
0.0,水晶贷
0.0,嘉富财富
0.0,汇鑫在线
0.0,首信贷
0.0,三块钱
0.0,沃坤投资
0.0,墨竹轩电子
0.0,金信贷
0.0,普邦金控
0.0,元邦创投 
0.0,红酒金融
0.0,金线财富 
0.0,足鞋贷
0.0,宏图创投
0.0,沪易贷
0.0,嘉融贷
0.0,资本密码
0.0,众力投融
0.0,风瑞投资
0.0,广发贷
0.0,顺顺贷（浙）
0.0,惠民理财
0.0,峰诺贷
0.0,金誉丰投资
0.0,锦盛财富
0.0,信安财富
0.0,亿豪商贷
0.0,晨升投资
0.0,汇丰恒创投
0.0,诺一创投
0.0,卓彤网 
0.0,信诚创投
0.0,卓安e贷
0.0,益航贷 
0.0,彩虹财富
0.0,众利创投
0.0,钱布贷
0.0,凌云创投
0.0,鹏飞财富
0.0,旺欣贷
0.0,民间财富
0.0,鸿湘堂
0.0,源泰易贷
0.0,融信达投资
0.0,鲁融贷
0.0,财利通 
0.0,顺融易贷
0.0,弘利创投 
0.0,创信泰冠
0.0,盈聚贷
0.0,鑫益贷
0.0,惠金创投
0.0,安泰创投
0.0,亿鑫贷
0.0,酬信投融
0.0,宏升投资
0.0,幸汇财富
0.0,光华永贷
0.0,鑫潮创投
0.0,汇银财富
0.0,裕滨财富
0.0,新双贷
0.0,聚鑫贷
0.0,万钧财富
0.0,迪丰资本
0.0,保诚财富
0.0,华深拓业投资
0.0,微利众贷
0.0,简易贷
0.0,星光资本
0.0,渤海金融
0.0,知麻开门
0.0,群润贷
0.0,福州财富
0.0,凯祥财富
0.0,徽瑞贷
0.0,和泰投资
0.0,聚铢投资
0.0,富弘易贷
0.0,恒昇贷
0.0,利德丰财富
0.0,顺祥投资
0.0,金中信
0.0,易建财富
0.0,中庚财富
0.0,宝鼎投资
0.0,中网国投
0.0,轩正创投
0.0,糖糖贷
0.0,天源财富
0.0,时诗运
0.0,盛赢资本
0.0,力元投资
0.0,浩万投资
0.0,荣盛贷
0.0,创盛财富
0.0,益远赢
0.0,凤凰金融(京)
0.0,弘宇信投
0.0,永盈财富
0.0,卓越财富
0.0,融宝贷
0.0,亚港投资
0.0,瑞诚贷
0.0,海阳财富
0.0,丰谦创投
0.0,拓天速贷
0.0,尔达信投
0.0,眉州商贷
0.0,迈龙财富
0.0,民间资本
0.0,意投财富
0.0,民融通
0.0,闽商贷
0.0,金瑞投资
0.0,明铄财富
0.0,海巢贷
0.0,金蝶理财
0.0,壹投资
0.0,本息宝
0.0,赢瑞创投
0.0,国银贷
0.0,中若财富
0.0,信美财富
0.0,源鑫贷
0.0,辉煌财富
0.0,天诚贷
0.0,宝丰财富
0.0,联合信贷
0.0,君发贷
0.0,快乐e贷
0.0,小企业E家
0.0,好信财富
0.0,泰山贷
0.0,乐天在线
0.0,乐投微贷
0.0,步华投资
0.0,宏安财富
0.0,恒艳财富
0.0,乾丰鼎盛投资
0.0,鑫巢财富
0.0,信融汇金
0.0,达通创投
0.0,慈鑫贷
0.0,携盛金融
0.0,鑫龙财富
0.0,巨福易贷
0.0,丰融贷
0.0,艾瑞贷
0.0,福润汇鑫
0.0,旺旺贷
0.0,钱海创投
0.0,万汇通
0.0,大家网
0.0,元一创投
0.0,贷易网
0.0,牛气贷
0.0,诚德担保
0.0,富创贷
0.0,速速贷
0.0,东信财富
0.0,创值贷
0.0,窑湾贷
0.0,大地贷
0.0,懒财主
0.0,南岭财富
0.0,银都创投
0.0,海陵贷
0.0,卓忠贷
0.0,丰利网
0.0,景煜贷
0.0,商汇通
0.0,鸿商贷
0.0,隆晋贷
0.0,锦煜贷
0.0,国银财富
0.0,融海财富
0.0,立洲金融
0.0,龙跃贷
0.0,乐投无忧
0.0,信誉财富
0.0,易信云投
0.0,马上有钱
0.0,隆和财富
0.0,小宝金融
0.0,芝麻贷
0.0,明启华投资
0.0,你投我贷
0.0,周道财富
0.0,汇通贷
0.0,中银信投资（鄂）
0.0,松特贷
0.0,乾客天下
0.0,久盈投资
0.0,多好贷（赣）
0.0,佰家创投
0.0,亿通投
0.0,百益贷
0.0,惠利宝
0.0,一禾网
0.0,鸿海资本
0.0,巨莱财富
0.0,爱当宝
0.0,鲁华财富
0.0,安琪贷
0.0,赢富达
0.0,西部聚财
0.0,北斗金融
0.0,盛泰信投
0.0,顺昌财富
0.0,瑞资所
0.0,宝翔投资
0.0,亚龙信投
0.0,安农商贷
0.0,耀升信投
0.0,华夏创银
0.0,瑞言贷
0.0,龙腾投资
0.0,甲富乾财富
0.0,弘文贷
0.0,和合速融
0.0,盈通易贷
0.0,百e贷
0.0,胜达易贷
0.0,财富联成
0.0,钱茂财富
0.0,助行投资
0.0,融创财富
0.0,银泰发
0.0,一点钱
0.0,华幕投资
0.0,凯大投资
0.0,云通金融
0.0,昆石投资
0.0,润海创投
0.0,邦慧投资
0.0,富赢财富
0.0,易尚在线
0.0,京银财富
0.0,蓝筹汇
0.0,国瑞财富
0.0,奇旺投资
0.0,中信速贷
0.0,多益贷
0.0,天弘创投
0.0,赢金贷
0.0,鹏天投资
0.0,永融e贷
0.0,金栋投资
0.0,安信网贷
0.0,日宝网
0.0,商贸财富
0.0,左右逢园
0.0,恒友投资
0.0,莱诚贷
0.0,传通财富
0.0,缑城贷
0.0,汇元贷
0.0,阳天财富
0.0,恒丰钱包
0.0,名龙资本
0.0,慧众投
0.0,飞翼聚财
0.0,追潮投资
0.0,多好贷
0.0,伟利投资
0.0,乾恒来投资
0.0,滨州财富
0.0,同发理财
0.0,聚投网
0.0,上致财富
0.0,铜穗子
0.0,加诚金融
0.0,萨贝尔贷
0.0,联合易贷
0.0,三五八创投
0.0,盛宇财富
0.0,腾远投资
0.0,龙泰财富
0.0,盛达投资
0.0,瑞敏投资
0.0,大禹资本
